2025-01-03T11:24:16.513+05:30  INFO 19620 --- [restartedMain] c.e.A.AuthorizationServiceApplication    : Starting AuthorizationServiceApplication using Java 21.0.1 with PID 19620 (D:\downloads\JAVA\AuthProjects\AuthorizationService\target\classes started by SHUBHAM in D:\downloads\JAVA\AuthProjects\AuthorizationService)
2025-01-03T11:24:16.973+05:30  INFO 19620 --- [restartedMain] c.e.A.AuthorizationServiceApplication    : No active profile set, falling back to 1 default profile: "default"
2025-01-03T11:24:17.142+05:30  INFO 19620 --- [restartedMain] .e.DevToolsPropertyDefaultsPostProcessor : Devtools property defaults active! Set 'spring.devtools.add-properties' to 'false' to disable
2025-01-03T11:24:17.142+05:30  INFO 19620 --- [restartedMain] .e.DevToolsPropertyDefaultsPostProcessor : For additional web related logging consider setting the 'logging.level.web' property to 'DEBUG'
2025-01-03T11:24:20.734+05:30  INFO 19620 --- [restartedMain] .s.d.r.c.RepositoryConfigurationDelegate : Bootstrapping Spring Data JPA repositories in DEFAULT mode.
2025-01-03T11:24:20.849+05:30  INFO 19620 --- [restartedMain] .s.d.r.c.RepositoryConfigurationDelegate : Finished Spring Data repository scanning in 106 ms. Found 2 JPA repository interfaces.
2025-01-03T11:24:23.239+05:30  INFO 19620 --- [restartedMain] o.s.b.w.embedded.tomcat.TomcatWebServer  : Tomcat initialized with port 8080 (http)
2025-01-03T11:24:23.263+05:30  INFO 19620 --- [restartedMain] o.apache.catalina.core.StandardService   : Starting service [Tomcat]
2025-01-03T11:24:23.264+05:30  INFO 19620 --- [restartedMain] o.apache.catalina.core.StandardEngine    : Starting Servlet engine: [Apache Tomcat/10.1.25]
2025-01-03T11:24:23.375+05:30  INFO 19620 --- [restartedMain] o.a.c.c.C.[Tomcat].[localhost].[/]       : Initializing Spring embedded WebApplicationContext
2025-01-03T11:24:23.375+05:30  INFO 19620 --- [restartedMain] w.s.c.ServletWebServerApplicationContext : Root WebApplicationContext: initialization completed in 6021 ms
2025-01-03T11:24:23.727+05:30  INFO 19620 --- [restartedMain] o.hibernate.jpa.internal.util.LogHelper  : HHH000204: Processing PersistenceUnitInfo [name: default]
2025-01-03T11:24:23.818+05:30  INFO 19620 --- [restartedMain] org.hibernate.Version                    : HHH000412: Hibernate ORM core version 6.5.2.Final
2025-01-03T11:24:23.869+05:30  INFO 19620 --- [restartedMain] o.h.c.internal.RegionFactoryInitiator    : HHH000026: Second-level cache disabled
2025-01-03T11:24:24.403+05:30  INFO 19620 --- [restartedMain] o.s.o.j.p.SpringPersistenceUnitInfo      : No LoadTimeWeaver setup: ignoring JPA class transformer
2025-01-03T11:24:24.447+05:30  INFO 19620 --- [restartedMain] com.zaxxer.hikari.HikariDataSource       : HikariPool-1 - Starting...
2025-01-03T11:24:32.792+05:30  INFO 19620 --- [restartedMain] com.zaxxer.hikari.pool.HikariPool        : HikariPool-1 - Added connection com.mysql.cj.jdbc.ConnectionImpl@730ec0a9
2025-01-03T11:24:32.795+05:30  INFO 19620 --- [restartedMain] com.zaxxer.hikari.HikariDataSource       : HikariPool-1 - Start completed.
2025-01-03T11:24:39.555+05:30  INFO 19620 --- [restartedMain] o.h.e.t.j.p.i.JtaPlatformInitiator       : HHH000489: No JTA platform available (set 'hibernate.transaction.jta.platform' to enable JTA platform integration)
2025-01-03T11:24:48.758+05:30  INFO 19620 --- [restartedMain] j.LocalContainerEntityManagerFactoryBean : Initialized JPA EntityManagerFactory for persistence unit 'default'
2025-01-03T11:24:51.056+05:30  INFO 19620 --- [restartedMain] eAuthenticationProviderManagerConfigurer : Global AuthenticationManager configured with AuthenticationProvider bean with name authenticationProvider
2025-01-03T11:24:51.057+05:30  WARN 19620 --- [restartedMain] r$InitializeUserDetailsManagerConfigurer : Global AuthenticationManager configured with an AuthenticationProvider bean. UserDetailsService beans will not be used for username/password login. Consider removing the AuthenticationProvider bean. Alternatively, consider using the UserDetailsService in a manually instantiated DaoAuthenticationProvider.
2025-01-03T11:24:51.160+05:30  WARN 19620 --- [restartedMain] JpaBaseConfiguration$JpaWebConfiguration : spring.jpa.open-in-view is enabled by default. Therefore, database queries may be performed during view rendering. Explicitly configure spring.jpa.open-in-view to disable this warning
2025-01-03T11:24:52.708+05:30  INFO 19620 --- [restartedMain] o.s.b.d.a.OptionalLiveReloadServer       : LiveReload server is running on port 35729
2025-01-03T11:24:53.366+05:30  INFO 19620 --- [restartedMain] o.s.b.w.embedded.tomcat.TomcatWebServer  : Tomcat started on port 8080 (http) with context path '/'
2025-01-03T11:24:53.374+05:30  INFO 19620 --- [restartedMain] c.e.A.AuthorizationServiceApplication    : Started AuthorizationServiceApplication in 37.839 seconds (process running for 39.283)
2025-01-03T11:35:13.518+05:30  INFO 19620 --- [http-nio-8080-exec-1] o.a.c.c.C.[Tomcat].[localhost].[/]       : Initializing Spring DispatcherServlet 'dispatcherServlet'
2025-01-03T11:35:13.521+05:30  INFO 19620 --- [http-nio-8080-exec-1] o.s.web.servlet.DispatcherServlet        : Initializing Servlet 'dispatcherServlet'
2025-01-03T11:35:13.536+05:30  INFO 19620 --- [http-nio-8080-exec-1] o.s.web.servlet.DispatcherServlet        : Completed initialization in 15 ms
2025-01-03T11:35:13.756+05:30  INFO 19620 --- [http-nio-8080-exec-2] c.e.A.Controller.loginController         : Inside signin controller
2025-01-03T11:35:24.086+05:30  INFO 19620 --- [http-nio-8080-exec-6] c.e.A.Controller.loginController         : Inside current user controller :eyJhbGciOiJIUzI1NiJ9.eyJpYXQiOjE3MzU4ODQzMjMsImV4cCI6MTczNTg4NzkyMywic3ViIjoiY2hhdHRyZWVzaHViaGFtQGdtYWlsLmNvbSJ9.WAeZgZlVa4njvhZ7Fl5s7p7EaUMFrmxRYmzYkcih9wA
2025-01-03T11:37:26.114+05:30  INFO 19620 --- [http-nio-8080-exec-1] c.e.A.Controller.loginController         : Inside current user controller :eyJhbGciOiJIUzI1NiJ9.eyJpYXQiOjE3MzU4ODQzMjMsImV4cCI6MTczNTg4NzkyMywic3ViIjoiY2hhdHRyZWVzaHViaGFtQGdtYWlsLmNvbSJ9.WAeZgZlVa4njvhZ7Fl5s7p7EaUMFrmxRYmzYkcih9wA
2025-01-03T11:56:30.095+05:30  INFO 19620 --- [http-nio-8080-exec-6] c.e.A.Controller.loginController         : Inside current user controller :eyJhbGciOiJIUzI1NiJ9.eyJpYXQiOjE3MzU4ODQzMjMsImV4cCI6MTczNTg4NzkyMywic3ViIjoiY2hhdHRyZWVzaHViaGFtQGdtYWlsLmNvbSJ9.WAeZgZlVa4njvhZ7Fl5s7p7EaUMFrmxRYmzYkcih9wA
2025-01-03T11:58:45.018+05:30  INFO 19620 --- [http-nio-8080-exec-9] c.e.A.Controller.loginController         : Inside current user controller :eyJhbGciOiJIUzI1NiJ9.eyJpYXQiOjE3MzU4ODQzMjMsImV4cCI6MTczNTg4NzkyMywic3ViIjoiY2hhdHRyZWVzaHViaGFtQGdtYWlsLmNvbSJ9.WAeZgZlVa4njvhZ7Fl5s7p7EaUMFrmxRYmzYkcih9wA
2025-01-03T12:05:18.891+05:30  INFO 19620 --- [http-nio-8080-exec-3] c.e.A.Controller.loginController         : Inside current user controller :eyJhbGciOiJIUzI1NiJ9.eyJpYXQiOjE3MzU4ODQzMjMsImV4cCI6MTczNTg4NzkyMywic3ViIjoiY2hhdHRyZWVzaHViaGFtQGdtYWlsLmNvbSJ9.WAeZgZlVa4njvhZ7Fl5s7p7EaUMFrmxRYmzYkcih9wA
2025-01-03T12:08:27.612+05:30  INFO 19620 --- [http-nio-8080-exec-7] c.e.A.Controller.loginController         : Inside current user controller :eyJhbGciOiJIUzI1NiJ9.eyJpYXQiOjE3MzU4ODQzMjMsImV4cCI6MTczNTg4NzkyMywic3ViIjoiY2hhdHRyZWVzaHViaGFtQGdtYWlsLmNvbSJ9.WAeZgZlVa4njvhZ7Fl5s7p7EaUMFrmxRYmzYkcih9wA
2025-01-03T12:12:17.445+05:30  INFO 19620 --- [http-nio-8080-exec-1] c.e.A.Controller.loginController         : Inside current user controller :eyJhbGciOiJIUzI1NiJ9.eyJpYXQiOjE3MzU4ODQzMjMsImV4cCI6MTczNTg4NzkyMywic3ViIjoiY2hhdHRyZWVzaHViaGFtQGdtYWlsLmNvbSJ9.WAeZgZlVa4njvhZ7Fl5s7p7EaUMFrmxRYmzYkcih9wA
2025-01-03T12:13:58.007+05:30  INFO 19620 --- [http-nio-8080-exec-5] c.e.A.Controller.loginController         : Inside current user controller :eyJhbGciOiJIUzI1NiJ9.eyJpYXQiOjE3MzU4ODQzMjMsImV4cCI6MTczNTg4NzkyMywic3ViIjoiY2hhdHRyZWVzaHViaGFtQGdtYWlsLmNvbSJ9.WAeZgZlVa4njvhZ7Fl5s7p7EaUMFrmxRYmzYkcih9wA
2025-01-03T12:15:08.743+05:30  INFO 19620 --- [http-nio-8080-exec-1] c.e.A.Controller.loginController         : Inside current user controller :eyJhbGciOiJIUzI1NiJ9.eyJpYXQiOjE3MzU4ODQzMjMsImV4cCI6MTczNTg4NzkyMywic3ViIjoiY2hhdHRyZWVzaHViaGFtQGdtYWlsLmNvbSJ9.WAeZgZlVa4njvhZ7Fl5s7p7EaUMFrmxRYmzYkcih9wA
2025-01-03T12:49:31.974+05:30  INFO 19620 --- [SpringApplicationShutdownHook] j.LocalContainerEntityManagerFactoryBean : Closing JPA EntityManagerFactory for persistence unit 'default'
2025-01-03T12:49:32.976+05:30  INFO 19620 --- [SpringApplicationShutdownHook] com.zaxxer.hikari.HikariDataSource       : HikariPool-1 - Shutdown initiated...
2025-01-03T12:49:33.164+05:30  INFO 19620 --- [SpringApplicationShutdownHook] com.zaxxer.hikari.HikariDataSource       : HikariPool-1 - Shutdown completed.
2025-01-03T16:15:10.656+05:30  INFO 33668 --- [restartedMain] c.e.A.AuthorizationServiceApplication    : Starting AuthorizationServiceApplication using Java 21.0.1 with PID 33668 (D:\downloads\JAVA\AuthProjects\AuthorizationService\target\classes started by SHUBHAM in D:\downloads\JAVA\AuthProjects\AuthorizationService)
2025-01-03T16:15:10.669+05:30  INFO 33668 --- [restartedMain] c.e.A.AuthorizationServiceApplication    : No active profile set, falling back to 1 default profile: "default"
2025-01-03T16:15:10.781+05:30  INFO 33668 --- [restartedMain] .e.DevToolsPropertyDefaultsPostProcessor : Devtools property defaults active! Set 'spring.devtools.add-properties' to 'false' to disable
2025-01-03T16:15:10.783+05:30  INFO 33668 --- [restartedMain] .e.DevToolsPropertyDefaultsPostProcessor : For additional web related logging consider setting the 'logging.level.web' property to 'DEBUG'
2025-01-03T16:15:12.986+05:30  INFO 33668 --- [restartedMain] .s.d.r.c.RepositoryConfigurationDelegate : Bootstrapping Spring Data JPA repositories in DEFAULT mode.
2025-01-03T16:15:13.103+05:30  INFO 33668 --- [restartedMain] .s.d.r.c.RepositoryConfigurationDelegate : Finished Spring Data repository scanning in 109 ms. Found 2 JPA repository interfaces.
2025-01-03T16:15:14.282+05:30  INFO 33668 --- [restartedMain] o.s.b.w.embedded.tomcat.TomcatWebServer  : Tomcat initialized with port 8080 (http)
2025-01-03T16:15:14.363+05:30  INFO 33668 --- [restartedMain] o.apache.catalina.core.StandardService   : Starting service [Tomcat]
2025-01-03T16:15:14.363+05:30  INFO 33668 --- [restartedMain] o.apache.catalina.core.StandardEngine    : Starting Servlet engine: [Apache Tomcat/10.1.25]
2025-01-03T16:15:14.426+05:30  INFO 33668 --- [restartedMain] o.a.c.c.C.[Tomcat].[localhost].[/]       : Initializing Spring embedded WebApplicationContext
2025-01-03T16:15:14.427+05:30  INFO 33668 --- [restartedMain] w.s.c.ServletWebServerApplicationContext : Root WebApplicationContext: initialization completed in 3616 ms
2025-01-03T16:15:14.724+05:30  INFO 33668 --- [restartedMain] o.hibernate.jpa.internal.util.LogHelper  : HHH000204: Processing PersistenceUnitInfo [name: default]
2025-01-03T16:15:14.850+05:30  INFO 33668 --- [restartedMain] org.hibernate.Version                    : HHH000412: Hibernate ORM core version 6.5.2.Final
2025-01-03T16:15:14.913+05:30  INFO 33668 --- [restartedMain] o.h.c.internal.RegionFactoryInitiator    : HHH000026: Second-level cache disabled
2025-01-03T16:15:15.394+05:30  INFO 33668 --- [restartedMain] o.s.o.j.p.SpringPersistenceUnitInfo      : No LoadTimeWeaver setup: ignoring JPA class transformer
2025-01-03T16:15:15.427+05:30  INFO 33668 --- [restartedMain] com.zaxxer.hikari.HikariDataSource       : HikariPool-1 - Starting...
2025-01-03T16:15:18.363+05:30  INFO 33668 --- [restartedMain] com.zaxxer.hikari.pool.HikariPool        : HikariPool-1 - Added connection com.mysql.cj.jdbc.ConnectionImpl@12862805
2025-01-03T16:15:18.365+05:30  INFO 33668 --- [restartedMain] com.zaxxer.hikari.HikariDataSource       : HikariPool-1 - Start completed.
2025-01-03T16:15:20.119+05:30  INFO 33668 --- [restartedMain] o.h.e.t.j.p.i.JtaPlatformInitiator       : HHH000489: No JTA platform available (set 'hibernate.transaction.jta.platform' to enable JTA platform integration)
2025-01-03T16:15:20.839+05:30  INFO 33668 --- [restartedMain] j.LocalContainerEntityManagerFactoryBean : Initialized JPA EntityManagerFactory for persistence unit 'default'
2025-01-03T16:15:21.408+05:30  INFO 33668 --- [restartedMain] eAuthenticationProviderManagerConfigurer : Global AuthenticationManager configured with AuthenticationProvider bean with name authenticationProvider
2025-01-03T16:15:21.409+05:30  WARN 33668 --- [restartedMain] r$InitializeUserDetailsManagerConfigurer : Global AuthenticationManager configured with an AuthenticationProvider bean. UserDetailsService beans will not be used for username/password login. Consider removing the AuthenticationProvider bean. Alternatively, consider using the UserDetailsService in a manually instantiated DaoAuthenticationProvider.
2025-01-03T16:15:21.546+05:30  WARN 33668 --- [restartedMain] JpaBaseConfiguration$JpaWebConfiguration : spring.jpa.open-in-view is enabled by default. Therefore, database queries may be performed during view rendering. Explicitly configure spring.jpa.open-in-view to disable this warning
2025-01-03T16:15:22.208+05:30  INFO 33668 --- [restartedMain] o.s.b.d.a.OptionalLiveReloadServer       : LiveReload server is running on port 35729
2025-01-03T16:15:22.265+05:30  INFO 33668 --- [restartedMain] o.s.b.w.embedded.tomcat.TomcatWebServer  : Tomcat started on port 8080 (http) with context path '/'
2025-01-03T16:15:22.276+05:30  INFO 33668 --- [restartedMain] c.e.A.AuthorizationServiceApplication    : Started AuthorizationServiceApplication in 12.577 seconds (process running for 15.541)
2025-01-03T16:22:44.243+05:30  INFO 33668 --- [http-nio-8080-exec-1] o.a.c.c.C.[Tomcat].[localhost].[/]       : Initializing Spring DispatcherServlet 'dispatcherServlet'
2025-01-03T16:22:44.291+05:30  INFO 33668 --- [http-nio-8080-exec-1] o.s.web.servlet.DispatcherServlet        : Initializing Servlet 'dispatcherServlet'
2025-01-03T16:22:44.364+05:30  INFO 33668 --- [http-nio-8080-exec-1] o.s.web.servlet.DispatcherServlet        : Completed initialization in 73 ms
2025-01-03T16:22:45.734+05:30  INFO 33668 --- [http-nio-8080-exec-1] c.e.A.Controller.loginController         : Inside current user controller :
2025-01-03T16:22:52.473+05:30  WARN 33668 --- [http-nio-8080-exec-2] o.a.c.util.SessionIdGeneratorBase        : Creation of SecureRandom instance for session ID generation using [SHA1PRNG] took [659] milliseconds.
2025-01-03T16:23:16.943+05:30  INFO 33668 --- [http-nio-8080-exec-6] c.e.A.Controller.loginController         : Inside current user controller :eyJhbGciOiJIUzI1NiJ9.eyJpYXQiOjE3MzU5MDE1OTQsImV4cCI6MTczNTkwNTE5NCwic3ViIjoiY2hhdHRyZWVzaHViaGFtQGdtYWlsLmNvbSJ9.R6v_VV8ap6R-0OjLkokwpQh6LFQ7DOnkoj7SpRB4TAI
2025-01-03T16:29:37.019+05:30  INFO 33668 --- [http-nio-8080-exec-10] c.e.A.Controller.loginController         : Inside current user controller :eyJhbGciOiJIUzI1NiJ9.eyJpYXQiOjE3MzU5MDE1OTQsImV4cCI6MTczNTkwNTE5NCwic3ViIjoiY2hhdHRyZWVzaHViaGFtQGdtYWlsLmNvbSJ9.R6v_VV8ap6R-0OjLkokwpQh6LFQ7DOnkoj7SpRB4TAI
2025-01-03T16:32:38.422+05:30  INFO 33668 --- [http-nio-8080-exec-4] c.e.A.Controller.loginController         : Inside current user controller :eyJhbGciOiJIUzI1NiJ9.eyJpYXQiOjE3MzU5MDE1OTQsImV4cCI6MTczNTkwNTE5NCwic3ViIjoiY2hhdHRyZWVzaHViaGFtQGdtYWlsLmNvbSJ9.R6v_VV8ap6R-0OjLkokwpQh6LFQ7DOnkoj7SpRB4TAI
2025-01-03T16:33:25.726+05:30  INFO 33668 --- [http-nio-8080-exec-7] c.e.A.Controller.loginController         : Inside current user controller :eyJhbGciOiJIUzI1NiJ9.eyJpYXQiOjE3MzU5MDE1OTQsImV4cCI6MTczNTkwNTE5NCwic3ViIjoiY2hhdHRyZWVzaHViaGFtQGdtYWlsLmNvbSJ9.R6v_VV8ap6R-0OjLkokwpQh6LFQ7DOnkoj7SpRB4TAI
2025-01-03T16:34:36.926+05:30  INFO 33668 --- [http-nio-8080-exec-2] c.e.A.Controller.loginController         : Inside current user controller :eyJhbGciOiJIUzI1NiJ9.eyJpYXQiOjE3MzU5MDE1OTQsImV4cCI6MTczNTkwNTE5NCwic3ViIjoiY2hhdHRyZWVzaHViaGFtQGdtYWlsLmNvbSJ9.R6v_VV8ap6R-0OjLkokwpQh6LFQ7DOnkoj7SpRB4TAI
2025-01-03T16:58:08.245+05:30  INFO 33668 --- [http-nio-8080-exec-6] c.e.A.Controller.loginController         : Inside current user controller :eyJhbGciOiJIUzI1NiJ9.eyJpYXQiOjE3MzU5MDE1OTQsImV4cCI6MTczNTkwNTE5NCwic3ViIjoiY2hhdHRyZWVzaHViaGFtQGdtYWlsLmNvbSJ9.R6v_VV8ap6R-0OjLkokwpQh6LFQ7DOnkoj7SpRB4TAI
2025-01-03T17:01:38.832+05:30  INFO 33668 --- [http-nio-8080-exec-10] c.e.A.Controller.loginController         : Inside current user controller :eyJhbGciOiJIUzI1NiJ9.eyJpYXQiOjE3MzU5MDE1OTQsImV4cCI6MTczNTkwNTE5NCwic3ViIjoiY2hhdHRyZWVzaHViaGFtQGdtYWlsLmNvbSJ9.R6v_VV8ap6R-0OjLkokwpQh6LFQ7DOnkoj7SpRB4TAI
2025-01-03T17:02:51.379+05:30  INFO 33668 --- [http-nio-8080-exec-5] c.e.A.Controller.loginController         : Inside current user controller :eyJhbGciOiJIUzI1NiJ9.eyJpYXQiOjE3MzU5MDE1OTQsImV4cCI6MTczNTkwNTE5NCwic3ViIjoiY2hhdHRyZWVzaHViaGFtQGdtYWlsLmNvbSJ9.R6v_VV8ap6R-0OjLkokwpQh6LFQ7DOnkoj7SpRB4TAI
2025-01-03T17:06:23.853+05:30  INFO 33668 --- [http-nio-8080-exec-9] c.e.A.Controller.loginController         : Inside current user controller :eyJhbGciOiJIUzI1NiJ9.eyJpYXQiOjE3MzU5MDE1OTQsImV4cCI6MTczNTkwNTE5NCwic3ViIjoiY2hhdHRyZWVzaHViaGFtQGdtYWlsLmNvbSJ9.R6v_VV8ap6R-0OjLkokwpQh6LFQ7DOnkoj7SpRB4TAI
2025-01-03T17:09:30.854+05:30  INFO 33668 --- [http-nio-8080-exec-3] c.e.A.Controller.loginController         : Inside current user controller :eyJhbGciOiJIUzI1NiJ9.eyJpYXQiOjE3MzU5MDE1OTQsImV4cCI6MTczNTkwNTE5NCwic3ViIjoiY2hhdHRyZWVzaHViaGFtQGdtYWlsLmNvbSJ9.R6v_VV8ap6R-0OjLkokwpQh6LFQ7DOnkoj7SpRB4TAI
2025-01-03T17:28:05.346+05:30  WARN 33668 --- [HikariPool-1 housekeeper] com.zaxxer.hikari.pool.HikariPool        : HikariPool-1 - Thread starvation or clock leap detected (housekeeper delta=45s638ms287µs700ns).
2025-01-03T17:30:02.342+05:30  INFO 33668 --- [http-nio-8080-exec-7] c.e.A.Controller.loginController         : Inside current user controller :
2025-01-03T17:30:20.364+05:30  INFO 33668 --- [http-nio-8080-exec-1] c.e.A.Controller.loginController         : Inside current user controller :eyJhbGciOiJIUzI1NiJ9.eyJpYXQiOjE3MzU5MDU2MTgsImV4cCI6MTczNTkwOTIxOCwic3ViIjoiY2hhdHRyZWVzaHViaGFtQGdtYWlsLmNvbSJ9.QlNVG5DA9SZvVRsTmJo-4JoKHY4rM3oANSZxFb-0IgE
2025-01-03T17:30:49.991+05:30  INFO 33668 --- [http-nio-8080-exec-4] c.e.A.Controller.loginController         : Inside current user controller :eyJhbGciOiJIUzI1NiJ9.eyJpYXQiOjE3MzU5MDU2MTgsImV4cCI6MTczNTkwOTIxOCwic3ViIjoiY2hhdHRyZWVzaHViaGFtQGdtYWlsLmNvbSJ9.QlNVG5DA9SZvVRsTmJo-4JoKHY4rM3oANSZxFb-0IgE
2025-01-03T17:30:59.854+05:30  INFO 33668 --- [http-nio-8080-exec-7] c.e.A.Controller.loginController         : Inside current user controller :eyJhbGciOiJIUzI1NiJ9.eyJpYXQiOjE3MzU5MDU2MTgsImV4cCI6MTczNTkwOTIxOCwic3ViIjoiY2hhdHRyZWVzaHViaGFtQGdtYWlsLmNvbSJ9.QlNVG5DA9SZvVRsTmJo-4JoKHY4rM3oANSZxFb-0IgE
2025-01-03T17:31:04.594+05:30  INFO 33668 --- [http-nio-8080-exec-9] c.e.A.Controller.loginController         : Inside current user controller :eyJhbGciOiJIUzI1NiJ9.eyJpYXQiOjE3MzU5MDU2MTgsImV4cCI6MTczNTkwOTIxOCwic3ViIjoiY2hhdHRyZWVzaHViaGFtQGdtYWlsLmNvbSJ9.QlNVG5DA9SZvVRsTmJo-4JoKHY4rM3oANSZxFb-0IgE
2025-01-03T17:31:09.711+05:30  INFO 33668 --- [http-nio-8080-exec-2] c.e.A.Controller.loginController         : Inside current user controller :eyJhbGciOiJIUzI1NiJ9.eyJpYXQiOjE3MzU5MDU2MTgsImV4cCI6MTczNTkwOTIxOCwic3ViIjoiY2hhdHRyZWVzaHViaGFtQGdtYWlsLmNvbSJ9.QlNVG5DA9SZvVRsTmJo-4JoKHY4rM3oANSZxFb-0IgE
2025-01-03T17:31:12.613+05:30  INFO 33668 --- [http-nio-8080-exec-4] c.e.A.Controller.loginController         : Inside current user controller :eyJhbGciOiJIUzI1NiJ9.eyJpYXQiOjE3MzU5MDU2MTgsImV4cCI6MTczNTkwOTIxOCwic3ViIjoiY2hhdHRyZWVzaHViaGFtQGdtYWlsLmNvbSJ9.QlNVG5DA9SZvVRsTmJo-4JoKHY4rM3oANSZxFb-0IgE
2025-01-03T17:31:17.555+05:30  INFO 33668 --- [http-nio-8080-exec-7] c.e.A.Controller.loginController         : Inside current user controller :eyJhbGciOiJIUzI1NiJ9.eyJpYXQiOjE3MzU5MDU2MTgsImV4cCI6MTczNTkwOTIxOCwic3ViIjoiY2hhdHRyZWVzaHViaGFtQGdtYWlsLmNvbSJ9.QlNVG5DA9SZvVRsTmJo-4JoKHY4rM3oANSZxFb-0IgE
2025-01-03T17:31:26.988+05:30  INFO 33668 --- [http-nio-8080-exec-9] c.e.A.Controller.loginController         : Inside current user controller :eyJhbGciOiJIUzI1NiJ9.eyJpYXQiOjE3MzU5MDU2MTgsImV4cCI6MTczNTkwOTIxOCwic3ViIjoiY2hhdHRyZWVzaHViaGFtQGdtYWlsLmNvbSJ9.QlNVG5DA9SZvVRsTmJo-4JoKHY4rM3oANSZxFb-0IgE
2025-01-03T17:31:36.083+05:30  INFO 33668 --- [http-nio-8080-exec-3] c.e.A.Controller.loginController         : Inside current user controller :eyJhbGciOiJIUzI1NiJ9.eyJpYXQiOjE3MzU5MDU2MTgsImV4cCI6MTczNTkwOTIxOCwic3ViIjoiY2hhdHRyZWVzaHViaGFtQGdtYWlsLmNvbSJ9.QlNVG5DA9SZvVRsTmJo-4JoKHY4rM3oANSZxFb-0IgE
2025-01-03T19:08:49.117+05:30  INFO 33668 --- [http-nio-8080-exec-7] c.e.A.Controller.loginController         : Inside current user controller :
2025-01-03T19:09:35.204+05:30  INFO 33668 --- [http-nio-8080-exec-3] c.e.A.Controller.loginController         : Inside current user controller :eyJhbGciOiJIUzI1NiJ9.eyJpYXQiOjE3MzU5MTE1NjMsImV4cCI6MTczNTkxNTE2Mywic3ViIjoiY2hhdHRyZWVzaHViaGFtQGdtYWlsLmNvbSJ9.fu_XA3Q5x4D2dzAwx2wH6f8UdLTeZ8mEZ1-ZnA2be-Q
2025-01-03T19:10:18.185+05:30  INFO 33668 --- [http-nio-8080-exec-6] c.e.A.Controller.loginController         : Inside current user controller :eyJhbGciOiJIUzI1NiJ9.eyJpYXQiOjE3MzU5MTE1NjMsImV4cCI6MTczNTkxNTE2Mywic3ViIjoiY2hhdHRyZWVzaHViaGFtQGdtYWlsLmNvbSJ9.fu_XA3Q5x4D2dzAwx2wH6f8UdLTeZ8mEZ1-ZnA2be-Q
2025-01-03T19:10:57.114+05:30  INFO 33668 --- [http-nio-8080-exec-10] c.e.A.Controller.loginController         : Inside current user controller :eyJhbGciOiJIUzI1NiJ9.eyJpYXQiOjE3MzU5MTE1NjMsImV4cCI6MTczNTkxNTE2Mywic3ViIjoiY2hhdHRyZWVzaHViaGFtQGdtYWlsLmNvbSJ9.fu_XA3Q5x4D2dzAwx2wH6f8UdLTeZ8mEZ1-ZnA2be-Q
2025-01-03T19:11:32.096+05:30  INFO 33668 --- [http-nio-8080-exec-4] c.e.A.Controller.loginController         : Inside current user controller :eyJhbGciOiJIUzI1NiJ9.eyJpYXQiOjE3MzU5MTE2OTEsImV4cCI6MTczNTkxNTI5MSwic3ViIjoiY2hhdHRyZWVzaHViaGFtQGdtYWlsLmNvbSJ9.8fAyCJfOykuEkAT_8n6UG5eTVNkC8lex_LxGNhKXMnE
2025-01-03T19:11:52.070+05:30  INFO 33668 --- [http-nio-8080-exec-7] c.e.A.Controller.loginController         : Inside current user controller :eyJhbGciOiJIUzI1NiJ9.eyJpYXQiOjE3MzU5MTE2OTEsImV4cCI6MTczNTkxNTI5MSwic3ViIjoiY2hhdHRyZWVzaHViaGFtQGdtYWlsLmNvbSJ9.8fAyCJfOykuEkAT_8n6UG5eTVNkC8lex_LxGNhKXMnE
2025-01-03T19:32:38.816+05:30  INFO 33668 --- [SpringApplicationShutdownHook] j.LocalContainerEntityManagerFactoryBean : Closing JPA EntityManagerFactory for persistence unit 'default'
2025-01-03T19:32:42.817+05:30  INFO 33668 --- [SpringApplicationShutdownHook] com.zaxxer.hikari.HikariDataSource       : HikariPool-1 - Shutdown initiated...
2025-01-03T19:32:43.118+05:30  INFO 33668 --- [SpringApplicationShutdownHook] com.zaxxer.hikari.HikariDataSource       : HikariPool-1 - Shutdown completed.
2025-01-03T20:04:53.010+05:30  INFO 20560 --- [restartedMain] c.e.A.AuthorizationServiceApplication    : Starting AuthorizationServiceApplication using Java 21.0.1 with PID 20560 (D:\downloads\JAVA\AuthProjects\AuthorizationService\target\classes started by SHUBHAM in D:\downloads\JAVA\AuthProjects\AuthorizationService)
2025-01-03T20:04:53.019+05:30  INFO 20560 --- [restartedMain] c.e.A.AuthorizationServiceApplication    : No active profile set, falling back to 1 default profile: "default"
2025-01-03T20:04:53.114+05:30  INFO 20560 --- [restartedMain] .e.DevToolsPropertyDefaultsPostProcessor : Devtools property defaults active! Set 'spring.devtools.add-properties' to 'false' to disable
2025-01-03T20:04:53.114+05:30  INFO 20560 --- [restartedMain] .e.DevToolsPropertyDefaultsPostProcessor : For additional web related logging consider setting the 'logging.level.web' property to 'DEBUG'
2025-01-03T20:05:02.965+05:30  INFO 20560 --- [restartedMain] .s.d.r.c.RepositoryConfigurationDelegate : Bootstrapping Spring Data JPA repositories in DEFAULT mode.
2025-01-03T20:05:03.290+05:30  INFO 20560 --- [restartedMain] .s.d.r.c.RepositoryConfigurationDelegate : Finished Spring Data repository scanning in 311 ms. Found 2 JPA repository interfaces.
2025-01-03T20:05:06.782+05:30  INFO 20560 --- [restartedMain] o.s.b.w.embedded.tomcat.TomcatWebServer  : Tomcat initialized with port 8080 (http)
2025-01-03T20:05:06.807+05:30  INFO 20560 --- [restartedMain] o.apache.catalina.core.StandardService   : Starting service [Tomcat]
2025-01-03T20:05:06.808+05:30  INFO 20560 --- [restartedMain] o.apache.catalina.core.StandardEngine    : Starting Servlet engine: [Apache Tomcat/10.1.25]
2025-01-03T20:05:06.954+05:30  INFO 20560 --- [restartedMain] o.a.c.c.C.[Tomcat].[localhost].[/]       : Initializing Spring embedded WebApplicationContext
2025-01-03T20:05:06.996+05:30  INFO 20560 --- [restartedMain] w.s.c.ServletWebServerApplicationContext : Root WebApplicationContext: initialization completed in 13881 ms
2025-01-03T20:05:07.664+05:30  INFO 20560 --- [restartedMain] o.hibernate.jpa.internal.util.LogHelper  : HHH000204: Processing PersistenceUnitInfo [name: default]
2025-01-03T20:05:07.821+05:30  INFO 20560 --- [restartedMain] org.hibernate.Version                    : HHH000412: Hibernate ORM core version 6.5.2.Final
2025-01-03T20:05:07.875+05:30  INFO 20560 --- [restartedMain] o.h.c.internal.RegionFactoryInitiator    : HHH000026: Second-level cache disabled
2025-01-03T20:05:08.439+05:30  INFO 20560 --- [restartedMain] o.s.o.j.p.SpringPersistenceUnitInfo      : No LoadTimeWeaver setup: ignoring JPA class transformer
2025-01-03T20:05:08.479+05:30  INFO 20560 --- [restartedMain] com.zaxxer.hikari.HikariDataSource       : HikariPool-1 - Starting...
2025-01-03T20:05:14.980+05:30  INFO 20560 --- [restartedMain] com.zaxxer.hikari.pool.HikariPool        : HikariPool-1 - Added connection com.mysql.cj.jdbc.ConnectionImpl@12af0ffd
2025-01-03T20:05:14.983+05:30  INFO 20560 --- [restartedMain] com.zaxxer.hikari.HikariDataSource       : HikariPool-1 - Start completed.
2025-01-03T20:05:18.079+05:30  INFO 20560 --- [restartedMain] o.h.e.t.j.p.i.JtaPlatformInitiator       : HHH000489: No JTA platform available (set 'hibernate.transaction.jta.platform' to enable JTA platform integration)
2025-01-03T20:05:19.852+05:30  INFO 20560 --- [restartedMain] j.LocalContainerEntityManagerFactoryBean : Initialized JPA EntityManagerFactory for persistence unit 'default'
2025-01-03T20:05:21.100+05:30  INFO 20560 --- [restartedMain] eAuthenticationProviderManagerConfigurer : Global AuthenticationManager configured with AuthenticationProvider bean with name authenticationProvider
2025-01-03T20:05:21.101+05:30  WARN 20560 --- [restartedMain] r$InitializeUserDetailsManagerConfigurer : Global AuthenticationManager configured with an AuthenticationProvider bean. UserDetailsService beans will not be used for username/password login. Consider removing the AuthenticationProvider bean. Alternatively, consider using the UserDetailsService in a manually instantiated DaoAuthenticationProvider.
2025-01-03T20:05:21.438+05:30  WARN 20560 --- [restartedMain] JpaBaseConfiguration$JpaWebConfiguration : spring.jpa.open-in-view is enabled by default. Therefore, database queries may be performed during view rendering. Explicitly configure spring.jpa.open-in-view to disable this warning
2025-01-03T20:05:22.639+05:30  INFO 20560 --- [restartedMain] o.s.b.d.a.OptionalLiveReloadServer       : LiveReload server is running on port 35729
2025-01-03T20:05:22.965+05:30  INFO 20560 --- [restartedMain] o.s.b.w.embedded.tomcat.TomcatWebServer  : Tomcat started on port 8080 (http) with context path '/'
2025-01-03T20:05:22.978+05:30  INFO 20560 --- [restartedMain] c.e.A.AuthorizationServiceApplication    : Started AuthorizationServiceApplication in 31.364 seconds (process running for 34.88)
2025-01-03T20:06:08.112+05:30  INFO 20560 --- [http-nio-8080-exec-1] o.a.c.c.C.[Tomcat].[localhost].[/]       : Initializing Spring DispatcherServlet 'dispatcherServlet'
2025-01-03T20:06:08.113+05:30  INFO 20560 --- [http-nio-8080-exec-1] o.s.web.servlet.DispatcherServlet        : Initializing Servlet 'dispatcherServlet'
2025-01-03T20:06:08.114+05:30  INFO 20560 --- [http-nio-8080-exec-1] o.s.web.servlet.DispatcherServlet        : Completed initialization in 1 ms
2025-01-03T20:06:16.741+05:30  INFO 20560 --- [http-nio-8080-exec-8] c.e.A.Controller.loginController         : Inside current user controller :eyJhbGciOiJIUzI1NiJ9.eyJpYXQiOjE3MzU5MTQ5NzQsImV4cCI6MTczNTkxODU3NCwic3ViIjoiY2hhdHRyZWVzaHViaGFtQGdtYWlsLmNvbSJ9.DY_58G0rGqiEc_MvogGa0tEpJ23H84ETHb-BFvJmO4M
2025-01-03T20:33:26.311+05:30  INFO 20560 --- [http-nio-8080-exec-9] c.e.A.Controller.loginController         : Inside current user controller :eyJhbGciOiJIUzI1NiJ9.eyJpYXQiOjE3MzU5MTQ5NzQsImV4cCI6MTczNTkxODU3NCwic3ViIjoiY2hhdHRyZWVzaHViaGFtQGdtYWlsLmNvbSJ9.DY_58G0rGqiEc_MvogGa0tEpJ23H84ETHb-BFvJmO4M
2025-01-03T20:41:09.700+05:30  INFO 20560 --- [http-nio-8080-exec-5] c.e.A.Controller.loginController         : Inside current user controller :eyJhbGciOiJIUzI1NiJ9.eyJpYXQiOjE3MzU5MTQ5NzQsImV4cCI6MTczNTkxODU3NCwic3ViIjoiY2hhdHRyZWVzaHViaGFtQGdtYWlsLmNvbSJ9.DY_58G0rGqiEc_MvogGa0tEpJ23H84ETHb-BFvJmO4M
2025-01-03T20:59:56.597+05:30  INFO 20560 --- [http-nio-8080-exec-6] c.e.A.Controller.loginController         : Inside current user controller :eyJhbGciOiJIUzI1NiJ9.eyJpYXQiOjE3MzU5MTQ5NzQsImV4cCI6MTczNTkxODU3NCwic3ViIjoiY2hhdHRyZWVzaHViaGFtQGdtYWlsLmNvbSJ9.DY_58G0rGqiEc_MvogGa0tEpJ23H84ETHb-BFvJmO4M
2025-01-03T21:02:08.951+05:30  INFO 20560 --- [http-nio-8080-exec-1] c.e.A.Controller.loginController         : Inside current user controller :eyJhbGciOiJIUzI1NiJ9.eyJpYXQiOjE3MzU5MTQ5NzQsImV4cCI6MTczNTkxODU3NCwic3ViIjoiY2hhdHRyZWVzaHViaGFtQGdtYWlsLmNvbSJ9.DY_58G0rGqiEc_MvogGa0tEpJ23H84ETHb-BFvJmO4M
2025-01-03T21:04:22.037+05:30  INFO 20560 --- [http-nio-8080-exec-8] c.e.A.Controller.loginController         : Inside current user controller :eyJhbGciOiJIUzI1NiJ9.eyJpYXQiOjE3MzU5MTQ5NzQsImV4cCI6MTczNTkxODU3NCwic3ViIjoiY2hhdHRyZWVzaHViaGFtQGdtYWlsLmNvbSJ9.DY_58G0rGqiEc_MvogGa0tEpJ23H84ETHb-BFvJmO4M
2025-01-03T21:10:10.431+05:30  INFO 20560 --- [http-nio-8080-exec-6] c.e.A.Controller.loginController         : Inside current user controller :
2025-01-03T21:10:26.706+05:30  INFO 20560 --- [http-nio-8080-exec-10] c.e.A.Controller.loginController         : Inside current user controller :eyJhbGciOiJIUzI1NiJ9.eyJpYXQiOjE3MzU5MTg4MjUsImV4cCI6MTczNTkyMjQyNSwic3ViIjoiY2hhdHRyZWVzaHViaGFtQGdtYWlsLmNvbSJ9.dEJgdCoWVk0hnTf2SL9c1tJsLg5CLuS6yeAFvxNXELk
2025-01-03T21:18:47.924+05:30  INFO 20560 --- [http-nio-8080-exec-8] c.e.A.Controller.loginController         : Inside current user controller :eyJhbGciOiJIUzI1NiJ9.eyJpYXQiOjE3MzU5MTg4MjUsImV4cCI6MTczNTkyMjQyNSwic3ViIjoiY2hhdHRyZWVzaHViaGFtQGdtYWlsLmNvbSJ9.dEJgdCoWVk0hnTf2SL9c1tJsLg5CLuS6yeAFvxNXELk
2025-01-03T21:22:47.537+05:30  INFO 20560 --- [http-nio-8080-exec-9] c.e.A.Controller.loginController         : Inside current user controller :eyJhbGciOiJIUzI1NiJ9.eyJpYXQiOjE3MzU5MTg4MjUsImV4cCI6MTczNTkyMjQyNSwic3ViIjoiY2hhdHRyZWVzaHViaGFtQGdtYWlsLmNvbSJ9.dEJgdCoWVk0hnTf2SL9c1tJsLg5CLuS6yeAFvxNXELk
2025-01-03T21:40:42.705+05:30  INFO 20560 --- [SpringApplicationShutdownHook] j.LocalContainerEntityManagerFactoryBean : Closing JPA EntityManagerFactory for persistence unit 'default'
2025-01-03T21:41:06.927+05:30  INFO 20560 --- [SpringApplicationShutdownHook] com.zaxxer.hikari.HikariDataSource       : HikariPool-1 - Shutdown initiated...
2025-01-03T21:41:10.934+05:30  INFO 20560 --- [SpringApplicationShutdownHook] com.zaxxer.hikari.HikariDataSource       : HikariPool-1 - Shutdown completed.
2025-01-03T21:43:42.511+05:30  INFO 33756 --- [restartedMain] c.e.A.AuthorizationServiceApplication    : Starting AuthorizationServiceApplication using Java 21.0.1 with PID 33756 (D:\downloads\JAVA\AuthProjects\AuthorizationService\target\classes started by SHUBHAM in D:\downloads\JAVA\AuthProjects\AuthorizationService)
2025-01-03T21:43:42.531+05:30  INFO 33756 --- [restartedMain] c.e.A.AuthorizationServiceApplication    : No active profile set, falling back to 1 default profile: "default"
2025-01-03T21:43:42.691+05:30  INFO 33756 --- [restartedMain] .e.DevToolsPropertyDefaultsPostProcessor : Devtools property defaults active! Set 'spring.devtools.add-properties' to 'false' to disable
2025-01-03T21:43:42.691+05:30  INFO 33756 --- [restartedMain] .e.DevToolsPropertyDefaultsPostProcessor : For additional web related logging consider setting the 'logging.level.web' property to 'DEBUG'
2025-01-03T21:43:49.615+05:30  INFO 33756 --- [restartedMain] .s.d.r.c.RepositoryConfigurationDelegate : Bootstrapping Spring Data JPA repositories in DEFAULT mode.
2025-01-03T21:43:50.089+05:30  INFO 33756 --- [restartedMain] .s.d.r.c.RepositoryConfigurationDelegate : Finished Spring Data repository scanning in 453 ms. Found 2 JPA repository interfaces.
2025-01-03T21:43:53.818+05:30  INFO 33756 --- [restartedMain] o.s.b.w.embedded.tomcat.TomcatWebServer  : Tomcat initialized with port 8080 (http)
2025-01-03T21:43:53.991+05:30  INFO 33756 --- [restartedMain] o.apache.catalina.core.StandardService   : Starting service [Tomcat]
2025-01-03T21:43:53.992+05:30  INFO 33756 --- [restartedMain] o.apache.catalina.core.StandardEngine    : Starting Servlet engine: [Apache Tomcat/10.1.25]
2025-01-03T21:43:54.191+05:30  INFO 33756 --- [restartedMain] o.a.c.c.C.[Tomcat].[localhost].[/]       : Initializing Spring embedded WebApplicationContext
2025-01-03T21:43:54.191+05:30  INFO 33756 --- [restartedMain] w.s.c.ServletWebServerApplicationContext : Root WebApplicationContext: initialization completed in 11499 ms
2025-01-03T21:43:54.710+05:30  INFO 33756 --- [restartedMain] o.hibernate.jpa.internal.util.LogHelper  : HHH000204: Processing PersistenceUnitInfo [name: default]
2025-01-03T21:43:54.895+05:30  INFO 33756 --- [restartedMain] org.hibernate.Version                    : HHH000412: Hibernate ORM core version 6.5.2.Final
2025-01-03T21:43:55.030+05:30  INFO 33756 --- [restartedMain] o.h.c.internal.RegionFactoryInitiator    : HHH000026: Second-level cache disabled
2025-01-03T21:43:56.067+05:30  INFO 33756 --- [restartedMain] o.s.o.j.p.SpringPersistenceUnitInfo      : No LoadTimeWeaver setup: ignoring JPA class transformer
2025-01-03T21:43:56.103+05:30  INFO 33756 --- [restartedMain] com.zaxxer.hikari.HikariDataSource       : HikariPool-1 - Starting...
2025-01-03T21:44:12.350+05:30  INFO 33756 --- [restartedMain] com.zaxxer.hikari.pool.HikariPool        : HikariPool-1 - Added connection com.mysql.cj.jdbc.ConnectionImpl@414e13f0
2025-01-03T21:44:12.357+05:30  INFO 33756 --- [restartedMain] com.zaxxer.hikari.HikariDataSource       : HikariPool-1 - Start completed.
2025-01-03T21:44:15.595+05:30  INFO 33756 --- [restartedMain] o.h.e.t.j.p.i.JtaPlatformInitiator       : HHH000489: No JTA platform available (set 'hibernate.transaction.jta.platform' to enable JTA platform integration)
2025-01-03T21:44:18.627+05:30  INFO 33756 --- [restartedMain] j.LocalContainerEntityManagerFactoryBean : Initialized JPA EntityManagerFactory for persistence unit 'default'
2025-01-03T21:44:20.076+05:30  INFO 33756 --- [restartedMain] eAuthenticationProviderManagerConfigurer : Global AuthenticationManager configured with AuthenticationProvider bean with name authenticationProvider
2025-01-03T21:44:20.077+05:30  WARN 33756 --- [restartedMain] r$InitializeUserDetailsManagerConfigurer : Global AuthenticationManager configured with an AuthenticationProvider bean. UserDetailsService beans will not be used for username/password login. Consider removing the AuthenticationProvider bean. Alternatively, consider using the UserDetailsService in a manually instantiated DaoAuthenticationProvider.
2025-01-03T21:44:20.228+05:30  WARN 33756 --- [restartedMain] JpaBaseConfiguration$JpaWebConfiguration : spring.jpa.open-in-view is enabled by default. Therefore, database queries may be performed during view rendering. Explicitly configure spring.jpa.open-in-view to disable this warning
2025-01-03T21:44:20.827+05:30  INFO 33756 --- [restartedMain] o.s.b.d.a.OptionalLiveReloadServer       : LiveReload server is running on port 35729
2025-01-03T21:44:21.096+05:30  INFO 33756 --- [restartedMain] o.s.b.w.embedded.tomcat.TomcatWebServer  : Tomcat started on port 8080 (http) with context path '/'
2025-01-03T21:44:21.104+05:30  INFO 33756 --- [restartedMain] c.e.A.AuthorizationServiceApplication    : Started AuthorizationServiceApplication in 45.381 seconds (process running for 56.146)
2025-01-03T21:44:40.242+05:30  INFO 33756 --- [http-nio-8080-exec-1] o.a.c.c.C.[Tomcat].[localhost].[/]       : Initializing Spring DispatcherServlet 'dispatcherServlet'
2025-01-03T21:44:40.243+05:30  INFO 33756 --- [http-nio-8080-exec-1] o.s.web.servlet.DispatcherServlet        : Initializing Servlet 'dispatcherServlet'
2025-01-03T21:44:40.245+05:30  INFO 33756 --- [http-nio-8080-exec-1] o.s.web.servlet.DispatcherServlet        : Completed initialization in 2 ms
2025-01-03T21:44:40.524+05:30  INFO 33756 --- [http-nio-8080-exec-1] c.e.A.Controller.loginController         : Inside current user controller :eyJhbGciOiJIUzI1NiJ9.eyJpYXQiOjE3MzU5MTg4MjUsImV4cCI6MTczNTkyMjQyNSwic3ViIjoiY2hhdHRyZWVzaHViaGFtQGdtYWlsLmNvbSJ9.dEJgdCoWVk0hnTf2SL9c1tJsLg5CLuS6yeAFvxNXELk
2025-01-03T21:47:11.985+05:30  INFO 33756 --- [http-nio-8080-exec-5] c.e.A.Controller.loginController         : Inside current user controller :eyJhbGciOiJIUzI1NiJ9.eyJpYXQiOjE3MzU5MTg4MjUsImV4cCI6MTczNTkyMjQyNSwic3ViIjoiY2hhdHRyZWVzaHViaGFtQGdtYWlsLmNvbSJ9.dEJgdCoWVk0hnTf2SL9c1tJsLg5CLuS6yeAFvxNXELk
2025-01-03T21:47:20.772+05:30  INFO 33756 --- [http-nio-8080-exec-7] c.e.A.Controller.loginController         : Inside signout controller
2025-01-03T21:47:20.836+05:30 ERROR 33756 --- [http-nio-8080-exec-7] o.a.c.c.C.[.[.[/].[dispatcherServlet]    : Servlet.service() for servlet [dispatcherServlet] in context with path [] threw exception [Request processing failed: java.lang.NullPointerException: Cannot read the array length because "<local3>" is null] with root cause

java.lang.NullPointerException: Cannot read the array length because "<local3>" is null
	at com.example.AuthorizationService.Controller.loginController.signout(loginController.java:119) ~[classes/:na]
	at java.base/jdk.internal.reflect.DirectMethodHandleAccessor.invoke(DirectMethodHandleAccessor.java:103) ~[na:na]
	at java.base/java.lang.reflect.Method.invoke(Method.java:580) ~[na:na]
	at org.springframework.web.method.support.InvocableHandlerMethod.doInvoke(InvocableHandlerMethod.java:255) ~[spring-web-6.1.10.jar:6.1.10]
	at org.springframework.web.method.support.InvocableHandlerMethod.invokeForRequest(InvocableHandlerMethod.java:188) ~[spring-web-6.1.10.jar:6.1.10]
	at org.springframework.web.servlet.mvc.method.annotation.ServletInvocableHandlerMethod.invokeAndHandle(ServletInvocableHandlerMethod.java:118) ~[spring-webmvc-6.1.10.jar:6.1.10]
	at org.springframework.web.servlet.mvc.method.annotation.RequestMappingHandlerAdapter.invokeHandlerMethod(RequestMappingHandlerAdapter.java:926) ~[spring-webmvc-6.1.10.jar:6.1.10]
	at org.springframework.web.servlet.mvc.method.annotation.RequestMappingHandlerAdapter.handleInternal(RequestMappingHandlerAdapter.java:831) ~[spring-webmvc-6.1.10.jar:6.1.10]
	at org.springframework.web.servlet.mvc.method.AbstractHandlerMethodAdapter.handle(AbstractHandlerMethodAdapter.java:87) ~[spring-webmvc-6.1.10.jar:6.1.10]
	at org.springframework.web.servlet.DispatcherServlet.doDispatch(DispatcherServlet.java:1089) ~[spring-webmvc-6.1.10.jar:6.1.10]
	at org.springframework.web.servlet.DispatcherServlet.doService(DispatcherServlet.java:979) ~[spring-webmvc-6.1.10.jar:6.1.10]
	at org.springframework.web.servlet.FrameworkServlet.processRequest(FrameworkServlet.java:1014) ~[spring-webmvc-6.1.10.jar:6.1.10]
	at org.springframework.web.servlet.FrameworkServlet.doGet(FrameworkServlet.java:903) ~[spring-webmvc-6.1.10.jar:6.1.10]
	at jakarta.servlet.http.HttpServlet.service(HttpServlet.java:564) ~[tomcat-embed-core-10.1.25.jar:6.0]
	at org.springframework.web.servlet.FrameworkServlet.service(FrameworkServlet.java:885) ~[spring-webmvc-6.1.10.jar:6.1.10]
	at jakarta.servlet.http.HttpServlet.service(HttpServlet.java:658) ~[tomcat-embed-core-10.1.25.jar:6.0]
	at org.apache.catalina.core.ApplicationFilterChain.internalDoFilter(ApplicationFilterChain.java:195) ~[tomcat-embed-core-10.1.25.jar:10.1.25]
	at org.apache.catalina.core.ApplicationFilterChain.doFilter(ApplicationFilterChain.java:140) ~[tomcat-embed-core-10.1.25.jar:10.1.25]
	at org.apache.tomcat.websocket.server.WsFilter.doFilter(WsFilter.java:51) ~[tomcat-embed-websocket-10.1.25.jar:10.1.25]
	at org.apache.catalina.core.ApplicationFilterChain.internalDoFilter(ApplicationFilterChain.java:164) ~[tomcat-embed-core-10.1.25.jar:10.1.25]
	at org.apache.catalina.core.ApplicationFilterChain.doFilter(ApplicationFilterChain.java:140) ~[tomcat-embed-core-10.1.25.jar:10.1.25]
	at com.example.AuthorizationService.Filters.SampleFilter.doFilter(SampleFilter.java:19) ~[classes/:na]
	at org.apache.catalina.core.ApplicationFilterChain.internalDoFilter(ApplicationFilterChain.java:164) ~[tomcat-embed-core-10.1.25.jar:10.1.25]
	at org.apache.catalina.core.ApplicationFilterChain.doFilter(ApplicationFilterChain.java:140) ~[tomcat-embed-core-10.1.25.jar:10.1.25]
	at org.springframework.web.filter.OncePerRequestFilter.doFilter(OncePerRequestFilter.java:101) ~[spring-web-6.1.10.jar:6.1.10]
	at org.apache.catalina.core.ApplicationFilterChain.internalDoFilter(ApplicationFilterChain.java:164) ~[tomcat-embed-core-10.1.25.jar:10.1.25]
	at org.apache.catalina.core.ApplicationFilterChain.doFilter(ApplicationFilterChain.java:140) ~[tomcat-embed-core-10.1.25.jar:10.1.25]
	at org.springframework.web.filter.CompositeFilter$VirtualFilterChain.doFilter(CompositeFilter.java:108) ~[spring-web-6.1.10.jar:6.1.10]
	at org.springframework.security.web.FilterChainProxy.lambda$doFilterInternal$3(FilterChainProxy.java:231) ~[spring-security-web-6.3.1.jar:6.3.1]
	at org.springframework.security.web.FilterChainProxy$VirtualFilterChain.doFilter(FilterChainProxy.java:365) ~[spring-security-web-6.3.1.jar:6.3.1]
	at org.springframework.security.web.access.intercept.AuthorizationFilter.doFilter(AuthorizationFilter.java:100) ~[spring-security-web-6.3.1.jar:6.3.1]
	at org.springframework.security.web.FilterChainProxy$VirtualFilterChain.doFilter(FilterChainProxy.java:374) ~[spring-security-web-6.3.1.jar:6.3.1]
	at org.springframework.security.web.access.ExceptionTranslationFilter.doFilter(ExceptionTranslationFilter.java:126) ~[spring-security-web-6.3.1.jar:6.3.1]
	at org.springframework.security.web.access.ExceptionTranslationFilter.doFilter(ExceptionTranslationFilter.java:120) ~[spring-security-web-6.3.1.jar:6.3.1]
	at org.springframework.security.web.FilterChainProxy$VirtualFilterChain.doFilter(FilterChainProxy.java:374) ~[spring-security-web-6.3.1.jar:6.3.1]
	at org.springframework.security.web.authentication.AnonymousAuthenticationFilter.doFilter(AnonymousAuthenticationFilter.java:100) ~[spring-security-web-6.3.1.jar:6.3.1]
	at org.springframework.security.web.FilterChainProxy$VirtualFilterChain.doFilter(FilterChainProxy.java:374) ~[spring-security-web-6.3.1.jar:6.3.1]
	at org.springframework.security.web.servletapi.SecurityContextHolderAwareRequestFilter.doFilter(SecurityContextHolderAwareRequestFilter.java:179) ~[spring-security-web-6.3.1.jar:6.3.1]
	at org.springframework.security.web.FilterChainProxy$VirtualFilterChain.doFilter(FilterChainProxy.java:374) ~[spring-security-web-6.3.1.jar:6.3.1]
	at org.springframework.security.web.savedrequest.RequestCacheAwareFilter.doFilter(RequestCacheAwareFilter.java:63) ~[spring-security-web-6.3.1.jar:6.3.1]
	at org.springframework.security.web.FilterChainProxy$VirtualFilterChain.doFilter(FilterChainProxy.java:374) ~[spring-security-web-6.3.1.jar:6.3.1]
	at org.springframework.web.filter.OncePerRequestFilter.doFilter(OncePerRequestFilter.java:101) ~[spring-web-6.1.10.jar:6.1.10]
	at org.springframework.security.web.FilterChainProxy$VirtualFilterChain.doFilter(FilterChainProxy.java:374) ~[spring-security-web-6.3.1.jar:6.3.1]
	at org.springframework.security.web.authentication.AbstractAuthenticationProcessingFilter.doFilter(AbstractAuthenticationProcessingFilter.java:227) ~[spring-security-web-6.3.1.jar:6.3.1]
	at org.springframework.security.web.authentication.AbstractAuthenticationProcessingFilter.doFilter(AbstractAuthenticationProcessingFilter.java:221) ~[spring-security-web-6.3.1.jar:6.3.1]
	at org.springframework.security.web.FilterChainProxy$VirtualFilterChain.doFilter(FilterChainProxy.java:374) ~[spring-security-web-6.3.1.jar:6.3.1]
	at org.springframework.security.oauth2.client.web.OAuth2AuthorizationRequestRedirectFilter.doFilterInternal(OAuth2AuthorizationRequestRedirectFilter.java:198) ~[spring-security-oauth2-client-6.3.1.jar:6.3.1]
	at org.springframework.web.filter.OncePerRequestFilter.doFilter(OncePerRequestFilter.java:116) ~[spring-web-6.1.10.jar:6.1.10]
	at org.springframework.security.web.FilterChainProxy$VirtualFilterChain.doFilter(FilterChainProxy.java:374) ~[spring-security-web-6.3.1.jar:6.3.1]
	at org.springframework.security.web.authentication.logout.LogoutFilter.doFilter(LogoutFilter.java:107) ~[spring-security-web-6.3.1.jar:6.3.1]
	at org.springframework.security.web.authentication.logout.LogoutFilter.doFilter(LogoutFilter.java:93) ~[spring-security-web-6.3.1.jar:6.3.1]
	at org.springframework.security.web.FilterChainProxy$VirtualFilterChain.doFilter(FilterChainProxy.java:374) ~[spring-security-web-6.3.1.jar:6.3.1]
	at org.springframework.web.filter.CorsFilter.doFilterInternal(CorsFilter.java:91) ~[spring-web-6.1.10.jar:6.1.10]
	at org.springframework.web.filter.OncePerRequestFilter.doFilter(OncePerRequestFilter.java:116) ~[spring-web-6.1.10.jar:6.1.10]
	at org.springframework.security.web.FilterChainProxy$VirtualFilterChain.doFilter(FilterChainProxy.java:374) ~[spring-security-web-6.3.1.jar:6.3.1]
	at org.springframework.security.web.header.HeaderWriterFilter.doHeadersAfter(HeaderWriterFilter.java:90) ~[spring-security-web-6.3.1.jar:6.3.1]
	at org.springframework.security.web.header.HeaderWriterFilter.doFilterInternal(HeaderWriterFilter.java:75) ~[spring-security-web-6.3.1.jar:6.3.1]
	at org.springframework.web.filter.OncePerRequestFilter.doFilter(OncePerRequestFilter.java:116) ~[spring-web-6.1.10.jar:6.1.10]
	at org.springframework.security.web.FilterChainProxy$VirtualFilterChain.doFilter(FilterChainProxy.java:374) ~[spring-security-web-6.3.1.jar:6.3.1]
	at org.springframework.security.web.context.SecurityContextHolderFilter.doFilter(SecurityContextHolderFilter.java:82) ~[spring-security-web-6.3.1.jar:6.3.1]
	at org.springframework.security.web.context.SecurityContextHolderFilter.doFilter(SecurityContextHolderFilter.java:69) ~[spring-security-web-6.3.1.jar:6.3.1]
	at org.springframework.security.web.FilterChainProxy$VirtualFilterChain.doFilter(FilterChainProxy.java:374) ~[spring-security-web-6.3.1.jar:6.3.1]
	at org.springframework.security.web.context.request.async.WebAsyncManagerIntegrationFilter.doFilterInternal(WebAsyncManagerIntegrationFilter.java:62) ~[spring-security-web-6.3.1.jar:6.3.1]
	at org.springframework.web.filter.OncePerRequestFilter.doFilter(OncePerRequestFilter.java:116) ~[spring-web-6.1.10.jar:6.1.10]
	at org.springframework.security.web.FilterChainProxy$VirtualFilterChain.doFilter(FilterChainProxy.java:374) ~[spring-security-web-6.3.1.jar:6.3.1]
	at org.springframework.security.web.session.DisableEncodeUrlFilter.doFilterInternal(DisableEncodeUrlFilter.java:42) ~[spring-security-web-6.3.1.jar:6.3.1]
	at org.springframework.web.filter.OncePerRequestFilter.doFilter(OncePerRequestFilter.java:116) ~[spring-web-6.1.10.jar:6.1.10]
	at org.springframework.security.web.FilterChainProxy$VirtualFilterChain.doFilter(FilterChainProxy.java:374) ~[spring-security-web-6.3.1.jar:6.3.1]
	at org.springframework.security.web.FilterChainProxy.doFilterInternal(FilterChainProxy.java:233) ~[spring-security-web-6.3.1.jar:6.3.1]
	at org.springframework.security.web.FilterChainProxy.doFilter(FilterChainProxy.java:191) ~[spring-security-web-6.3.1.jar:6.3.1]
	at org.springframework.web.filter.CompositeFilter$VirtualFilterChain.doFilter(CompositeFilter.java:113) ~[spring-web-6.1.10.jar:6.1.10]
	at org.springframework.web.servlet.handler.HandlerMappingIntrospector.lambda$createCacheFilter$3(HandlerMappingIntrospector.java:195) ~[spring-webmvc-6.1.10.jar:6.1.10]
	at org.springframework.web.filter.CompositeFilter$VirtualFilterChain.doFilter(CompositeFilter.java:113) ~[spring-web-6.1.10.jar:6.1.10]
	at org.springframework.web.filter.CompositeFilter.doFilter(CompositeFilter.java:74) ~[spring-web-6.1.10.jar:6.1.10]
	at org.springframework.security.config.annotation.web.configuration.WebMvcSecurityConfiguration$CompositeFilterChainProxy.doFilter(WebMvcSecurityConfiguration.java:230) ~[spring-security-config-6.3.1.jar:6.3.1]
	at org.springframework.web.filter.DelegatingFilterProxy.invokeDelegate(DelegatingFilterProxy.java:352) ~[spring-web-6.1.10.jar:6.1.10]
	at org.springframework.web.filter.DelegatingFilterProxy.doFilter(DelegatingFilterProxy.java:268) ~[spring-web-6.1.10.jar:6.1.10]
	at org.apache.catalina.core.ApplicationFilterChain.internalDoFilter(ApplicationFilterChain.java:164) ~[tomcat-embed-core-10.1.25.jar:10.1.25]
	at org.apache.catalina.core.ApplicationFilterChain.doFilter(ApplicationFilterChain.java:140) ~[tomcat-embed-core-10.1.25.jar:10.1.25]
	at org.springframework.web.filter.RequestContextFilter.doFilterInternal(RequestContextFilter.java:100) ~[spring-web-6.1.10.jar:6.1.10]
	at org.springframework.web.filter.OncePerRequestFilter.doFilter(OncePerRequestFilter.java:116) ~[spring-web-6.1.10.jar:6.1.10]
	at org.apache.catalina.core.ApplicationFilterChain.internalDoFilter(ApplicationFilterChain.java:164) ~[tomcat-embed-core-10.1.25.jar:10.1.25]
	at org.apache.catalina.core.ApplicationFilterChain.doFilter(ApplicationFilterChain.java:140) ~[tomcat-embed-core-10.1.25.jar:10.1.25]
	at org.springframework.web.filter.FormContentFilter.doFilterInternal(FormContentFilter.java:93) ~[spring-web-6.1.10.jar:6.1.10]
	at org.springframework.web.filter.OncePerRequestFilter.doFilter(OncePerRequestFilter.java:116) ~[spring-web-6.1.10.jar:6.1.10]
	at org.apache.catalina.core.ApplicationFilterChain.internalDoFilter(ApplicationFilterChain.java:164) ~[tomcat-embed-core-10.1.25.jar:10.1.25]
	at org.apache.catalina.core.ApplicationFilterChain.doFilter(ApplicationFilterChain.java:140) ~[tomcat-embed-core-10.1.25.jar:10.1.25]
	at org.springframework.web.filter.CharacterEncodingFilter.doFilterInternal(CharacterEncodingFilter.java:201) ~[spring-web-6.1.10.jar:6.1.10]
	at org.springframework.web.filter.OncePerRequestFilter.doFilter(OncePerRequestFilter.java:116) ~[spring-web-6.1.10.jar:6.1.10]
	at org.apache.catalina.core.ApplicationFilterChain.internalDoFilter(ApplicationFilterChain.java:164) ~[tomcat-embed-core-10.1.25.jar:10.1.25]
	at org.apache.catalina.core.ApplicationFilterChain.doFilter(ApplicationFilterChain.java:140) ~[tomcat-embed-core-10.1.25.jar:10.1.25]
	at org.apache.catalina.core.StandardWrapperValve.invoke(StandardWrapperValve.java:167) ~[tomcat-embed-core-10.1.25.jar:10.1.25]
	at org.apache.catalina.core.StandardContextValve.invoke(StandardContextValve.java:90) ~[tomcat-embed-core-10.1.25.jar:10.1.25]
	at org.apache.catalina.authenticator.AuthenticatorBase.invoke(AuthenticatorBase.java:482) ~[tomcat-embed-core-10.1.25.jar:10.1.25]
	at org.apache.catalina.core.StandardHostValve.invoke(StandardHostValve.java:115) ~[tomcat-embed-core-10.1.25.jar:10.1.25]
	at org.apache.catalina.valves.ErrorReportValve.invoke(ErrorReportValve.java:93) ~[tomcat-embed-core-10.1.25.jar:10.1.25]
	at org.apache.catalina.core.StandardEngineValve.invoke(StandardEngineValve.java:74) ~[tomcat-embed-core-10.1.25.jar:10.1.25]
	at org.apache.catalina.connector.CoyoteAdapter.service(CoyoteAdapter.java:344) ~[tomcat-embed-core-10.1.25.jar:10.1.25]
	at org.apache.coyote.http11.Http11Processor.service(Http11Processor.java:389) ~[tomcat-embed-core-10.1.25.jar:10.1.25]
	at org.apache.coyote.AbstractProcessorLight.process(AbstractProcessorLight.java:63) ~[tomcat-embed-core-10.1.25.jar:10.1.25]
	at org.apache.coyote.AbstractProtocol$ConnectionHandler.process(AbstractProtocol.java:904) ~[tomcat-embed-core-10.1.25.jar:10.1.25]
	at org.apache.tomcat.util.net.NioEndpoint$SocketProcessor.doRun(NioEndpoint.java:1741) ~[tomcat-embed-core-10.1.25.jar:10.1.25]
	at org.apache.tomcat.util.net.SocketProcessorBase.run(SocketProcessorBase.java:52) ~[tomcat-embed-core-10.1.25.jar:10.1.25]
	at org.apache.tomcat.util.threads.ThreadPoolExecutor.runWorker(ThreadPoolExecutor.java:1190) ~[tomcat-embed-core-10.1.25.jar:10.1.25]
	at org.apache.tomcat.util.threads.ThreadPoolExecutor$Worker.run(ThreadPoolExecutor.java:659) ~[tomcat-embed-core-10.1.25.jar:10.1.25]
	at org.apache.tomcat.util.threads.TaskThread$WrappingRunnable.run(TaskThread.java:63) ~[tomcat-embed-core-10.1.25.jar:10.1.25]
	at java.base/java.lang.Thread.run(Thread.java:1583) ~[na:na]

2025-01-03T21:53:18.994+05:30  INFO 33756 --- [SpringApplicationShutdownHook] j.LocalContainerEntityManagerFactoryBean : Closing JPA EntityManagerFactory for persistence unit 'default'
2025-01-03T21:53:19.011+05:30  INFO 33756 --- [SpringApplicationShutdownHook] com.zaxxer.hikari.HikariDataSource       : HikariPool-1 - Shutdown initiated...
2025-01-03T21:53:19.335+05:30  INFO 33756 --- [SpringApplicationShutdownHook] com.zaxxer.hikari.HikariDataSource       : HikariPool-1 - Shutdown completed.
2025-01-03T21:54:10.084+05:30  INFO 37500 --- [restartedMain] c.e.A.AuthorizationServiceApplication    : Starting AuthorizationServiceApplication using Java 21.0.1 with PID 37500 (D:\downloads\JAVA\AuthProjects\AuthorizationService\target\classes started by SHUBHAM in D:\downloads\JAVA\AuthProjects\AuthorizationService)
2025-01-03T21:54:10.086+05:30  INFO 37500 --- [restartedMain] c.e.A.AuthorizationServiceApplication    : No active profile set, falling back to 1 default profile: "default"
2025-01-03T21:54:10.139+05:30  INFO 37500 --- [restartedMain] .e.DevToolsPropertyDefaultsPostProcessor : Devtools property defaults active! Set 'spring.devtools.add-properties' to 'false' to disable
2025-01-03T21:54:10.139+05:30  INFO 37500 --- [restartedMain] .e.DevToolsPropertyDefaultsPostProcessor : For additional web related logging consider setting the 'logging.level.web' property to 'DEBUG'
2025-01-03T21:54:14.199+05:30  INFO 37500 --- [restartedMain] .s.d.r.c.RepositoryConfigurationDelegate : Bootstrapping Spring Data JPA repositories in DEFAULT mode.
2025-01-03T21:54:14.283+05:30  INFO 37500 --- [restartedMain] .s.d.r.c.RepositoryConfigurationDelegate : Finished Spring Data repository scanning in 74 ms. Found 2 JPA repository interfaces.
2025-01-03T21:54:15.512+05:30  INFO 37500 --- [restartedMain] o.s.b.w.embedded.tomcat.TomcatWebServer  : Tomcat initialized with port 8080 (http)
2025-01-03T21:54:15.530+05:30  INFO 37500 --- [restartedMain] o.apache.catalina.core.StandardService   : Starting service [Tomcat]
2025-01-03T21:54:15.530+05:30  INFO 37500 --- [restartedMain] o.apache.catalina.core.StandardEngine    : Starting Servlet engine: [Apache Tomcat/10.1.25]
2025-01-03T21:54:15.614+05:30  INFO 37500 --- [restartedMain] o.a.c.c.C.[Tomcat].[localhost].[/]       : Initializing Spring embedded WebApplicationContext
2025-01-03T21:54:15.614+05:30  INFO 37500 --- [restartedMain] w.s.c.ServletWebServerApplicationContext : Root WebApplicationContext: initialization completed in 5474 ms
2025-01-03T21:54:15.857+05:30  INFO 37500 --- [restartedMain] o.hibernate.jpa.internal.util.LogHelper  : HHH000204: Processing PersistenceUnitInfo [name: default]
2025-01-03T21:54:15.931+05:30  INFO 37500 --- [restartedMain] org.hibernate.Version                    : HHH000412: Hibernate ORM core version 6.5.2.Final
2025-01-03T21:54:15.977+05:30  INFO 37500 --- [restartedMain] o.h.c.internal.RegionFactoryInitiator    : HHH000026: Second-level cache disabled
2025-01-03T21:54:16.525+05:30  INFO 37500 --- [restartedMain] o.s.o.j.p.SpringPersistenceUnitInfo      : No LoadTimeWeaver setup: ignoring JPA class transformer
2025-01-03T21:54:16.556+05:30  INFO 37500 --- [restartedMain] com.zaxxer.hikari.HikariDataSource       : HikariPool-1 - Starting...
2025-01-03T21:54:19.691+05:30  INFO 37500 --- [restartedMain] com.zaxxer.hikari.pool.HikariPool        : HikariPool-1 - Added connection com.mysql.cj.jdbc.ConnectionImpl@25185c52
2025-01-03T21:54:19.695+05:30  INFO 37500 --- [restartedMain] com.zaxxer.hikari.HikariDataSource       : HikariPool-1 - Start completed.
2025-01-03T21:54:22.327+05:30  INFO 37500 --- [restartedMain] o.h.e.t.j.p.i.JtaPlatformInitiator       : HHH000489: No JTA platform available (set 'hibernate.transaction.jta.platform' to enable JTA platform integration)
2025-01-03T21:54:23.998+05:30  INFO 37500 --- [restartedMain] j.LocalContainerEntityManagerFactoryBean : Initialized JPA EntityManagerFactory for persistence unit 'default'
2025-01-03T21:54:25.235+05:30  INFO 37500 --- [restartedMain] eAuthenticationProviderManagerConfigurer : Global AuthenticationManager configured with AuthenticationProvider bean with name authenticationProvider
2025-01-03T21:54:25.236+05:30  WARN 37500 --- [restartedMain] r$InitializeUserDetailsManagerConfigurer : Global AuthenticationManager configured with an AuthenticationProvider bean. UserDetailsService beans will not be used for username/password login. Consider removing the AuthenticationProvider bean. Alternatively, consider using the UserDetailsService in a manually instantiated DaoAuthenticationProvider.
2025-01-03T21:54:25.405+05:30  WARN 37500 --- [restartedMain] JpaBaseConfiguration$JpaWebConfiguration : spring.jpa.open-in-view is enabled by default. Therefore, database queries may be performed during view rendering. Explicitly configure spring.jpa.open-in-view to disable this warning
2025-01-03T21:54:26.297+05:30  INFO 37500 --- [restartedMain] o.s.b.d.a.OptionalLiveReloadServer       : LiveReload server is running on port 35729
2025-01-03T21:54:26.395+05:30  INFO 37500 --- [restartedMain] o.s.b.w.embedded.tomcat.TomcatWebServer  : Tomcat started on port 8080 (http) with context path '/'
2025-01-03T21:54:26.404+05:30  INFO 37500 --- [restartedMain] c.e.A.AuthorizationServiceApplication    : Started AuthorizationServiceApplication in 16.999 seconds (process running for 18.281)
2025-01-03T21:54:40.197+05:30  INFO 37500 --- [SpringApplicationShutdownHook] j.LocalContainerEntityManagerFactoryBean : Closing JPA EntityManagerFactory for persistence unit 'default'
2025-01-03T21:54:40.201+05:30  INFO 37500 --- [SpringApplicationShutdownHook] com.zaxxer.hikari.HikariDataSource       : HikariPool-1 - Shutdown initiated...
2025-01-03T21:54:40.237+05:30  INFO 37500 --- [SpringApplicationShutdownHook] com.zaxxer.hikari.HikariDataSource       : HikariPool-1 - Shutdown completed.
2025-01-03T21:54:48.683+05:30  INFO 15800 --- [restartedMain] c.e.A.AuthorizationServiceApplication    : Starting AuthorizationServiceApplication using Java 21.0.1 with PID 15800 (D:\downloads\JAVA\AuthProjects\AuthorizationService\target\classes started by SHUBHAM in D:\downloads\JAVA\AuthProjects\AuthorizationService)
2025-01-03T21:54:48.697+05:30  INFO 15800 --- [restartedMain] c.e.A.AuthorizationServiceApplication    : No active profile set, falling back to 1 default profile: "default"
2025-01-03T21:54:49.072+05:30  INFO 15800 --- [restartedMain] .e.DevToolsPropertyDefaultsPostProcessor : Devtools property defaults active! Set 'spring.devtools.add-properties' to 'false' to disable
2025-01-03T21:54:49.074+05:30  INFO 15800 --- [restartedMain] .e.DevToolsPropertyDefaultsPostProcessor : For additional web related logging consider setting the 'logging.level.web' property to 'DEBUG'
2025-01-03T21:54:52.118+05:30  INFO 15800 --- [restartedMain] .s.d.r.c.RepositoryConfigurationDelegate : Bootstrapping Spring Data JPA repositories in DEFAULT mode.
2025-01-03T21:54:52.354+05:30  INFO 15800 --- [restartedMain] .s.d.r.c.RepositoryConfigurationDelegate : Finished Spring Data repository scanning in 208 ms. Found 2 JPA repository interfaces.
2025-01-03T21:54:55.233+05:30  INFO 15800 --- [restartedMain] o.s.b.w.embedded.tomcat.TomcatWebServer  : Tomcat initialized with port 8080 (http)
2025-01-03T21:54:55.288+05:30  INFO 15800 --- [restartedMain] o.apache.catalina.core.StandardService   : Starting service [Tomcat]
2025-01-03T21:54:55.289+05:30  INFO 15800 --- [restartedMain] o.apache.catalina.core.StandardEngine    : Starting Servlet engine: [Apache Tomcat/10.1.25]
2025-01-03T21:54:55.439+05:30  INFO 15800 --- [restartedMain] o.a.c.c.C.[Tomcat].[localhost].[/]       : Initializing Spring embedded WebApplicationContext
2025-01-03T21:54:55.440+05:30  INFO 15800 --- [restartedMain] w.s.c.ServletWebServerApplicationContext : Root WebApplicationContext: initialization completed in 6363 ms
2025-01-03T21:54:56.139+05:30  INFO 15800 --- [restartedMain] o.hibernate.jpa.internal.util.LogHelper  : HHH000204: Processing PersistenceUnitInfo [name: default]
2025-01-03T21:54:56.478+05:30  INFO 15800 --- [restartedMain] org.hibernate.Version                    : HHH000412: Hibernate ORM core version 6.5.2.Final
2025-01-03T21:54:56.746+05:30  INFO 15800 --- [restartedMain] o.h.c.internal.RegionFactoryInitiator    : HHH000026: Second-level cache disabled
2025-01-03T21:54:57.820+05:30  INFO 15800 --- [restartedMain] o.s.o.j.p.SpringPersistenceUnitInfo      : No LoadTimeWeaver setup: ignoring JPA class transformer
2025-01-03T21:54:57.918+05:30  INFO 15800 --- [restartedMain] com.zaxxer.hikari.HikariDataSource       : HikariPool-1 - Starting...
2025-01-03T21:54:59.980+05:30  INFO 15800 --- [restartedMain] com.zaxxer.hikari.pool.HikariPool        : HikariPool-1 - Added connection com.mysql.cj.jdbc.ConnectionImpl@2f88d9fb
2025-01-03T21:54:59.986+05:30  INFO 15800 --- [restartedMain] com.zaxxer.hikari.HikariDataSource       : HikariPool-1 - Start completed.
2025-01-03T21:55:01.877+05:30  INFO 15800 --- [restartedMain] o.h.e.t.j.p.i.JtaPlatformInitiator       : HHH000489: No JTA platform available (set 'hibernate.transaction.jta.platform' to enable JTA platform integration)
2025-01-03T21:55:03.032+05:30  INFO 15800 --- [restartedMain] j.LocalContainerEntityManagerFactoryBean : Initialized JPA EntityManagerFactory for persistence unit 'default'
2025-01-03T21:55:03.758+05:30  INFO 15800 --- [restartedMain] eAuthenticationProviderManagerConfigurer : Global AuthenticationManager configured with AuthenticationProvider bean with name authenticationProvider
2025-01-03T21:55:03.759+05:30  WARN 15800 --- [restartedMain] r$InitializeUserDetailsManagerConfigurer : Global AuthenticationManager configured with an AuthenticationProvider bean. UserDetailsService beans will not be used for username/password login. Consider removing the AuthenticationProvider bean. Alternatively, consider using the UserDetailsService in a manually instantiated DaoAuthenticationProvider.
2025-01-03T21:55:03.922+05:30  WARN 15800 --- [restartedMain] JpaBaseConfiguration$JpaWebConfiguration : spring.jpa.open-in-view is enabled by default. Therefore, database queries may be performed during view rendering. Explicitly configure spring.jpa.open-in-view to disable this warning
2025-01-03T21:55:04.922+05:30  INFO 15800 --- [restartedMain] o.s.b.d.a.OptionalLiveReloadServer       : LiveReload server is running on port 35729
2025-01-03T21:55:04.995+05:30  INFO 15800 --- [restartedMain] o.s.b.w.embedded.tomcat.TomcatWebServer  : Tomcat started on port 8080 (http) with context path '/'
2025-01-03T21:55:05.009+05:30  INFO 15800 --- [restartedMain] c.e.A.AuthorizationServiceApplication    : Started AuthorizationServiceApplication in 18.876 seconds (process running for 21.357)
2025-01-03T21:55:07.904+05:30  INFO 15800 --- [http-nio-8080-exec-1] o.a.c.c.C.[Tomcat].[localhost].[/]       : Initializing Spring DispatcherServlet 'dispatcherServlet'
2025-01-03T21:55:07.905+05:30  INFO 15800 --- [http-nio-8080-exec-1] o.s.web.servlet.DispatcherServlet        : Initializing Servlet 'dispatcherServlet'
2025-01-03T21:55:07.909+05:30  INFO 15800 --- [http-nio-8080-exec-1] o.s.web.servlet.DispatcherServlet        : Completed initialization in 4 ms
2025-01-03T21:55:08.042+05:30  INFO 15800 --- [http-nio-8080-exec-1] c.e.A.Controller.loginController         : Inside current user controller :eyJhbGciOiJIUzI1NiJ9.eyJpYXQiOjE3MzU5MTg4MjUsImV4cCI6MTczNTkyMjQyNSwic3ViIjoiY2hhdHRyZWVzaHViaGFtQGdtYWlsLmNvbSJ9.dEJgdCoWVk0hnTf2SL9c1tJsLg5CLuS6yeAFvxNXELk
2025-01-03T21:55:37.676+05:30  INFO 15800 --- [http-nio-8080-exec-4] c.e.A.Controller.loginController         : Inside signout controller
2025-01-03T21:55:37.677+05:30  INFO 15800 --- [http-nio-8080-exec-4] c.e.A.Controller.loginController         : no cookies found
2025-01-03T21:55:58.058+05:30  INFO 15800 --- [http-nio-8080-exec-6] c.e.A.Controller.loginController         : Inside signout controller
2025-01-03T21:55:58.059+05:30  INFO 15800 --- [http-nio-8080-exec-6] c.e.A.Controller.loginController         : no cookies found
2025-01-03T21:56:06.025+05:30  INFO 15800 --- [http-nio-8080-exec-8] c.e.A.Controller.loginController         : Inside signout controller
2025-01-03T21:56:06.025+05:30  INFO 15800 --- [http-nio-8080-exec-8] c.e.A.Controller.loginController         : no cookies found
2025-01-03T22:04:47.924+05:30  INFO 15800 --- [SpringApplicationShutdownHook] j.LocalContainerEntityManagerFactoryBean : Closing JPA EntityManagerFactory for persistence unit 'default'
2025-01-03T22:04:47.957+05:30  INFO 15800 --- [SpringApplicationShutdownHook] com.zaxxer.hikari.HikariDataSource       : HikariPool-1 - Shutdown initiated...
2025-01-03T22:04:48.243+05:30  INFO 15800 --- [SpringApplicationShutdownHook] com.zaxxer.hikari.HikariDataSource       : HikariPool-1 - Shutdown completed.
2025-01-03T22:05:07.103+05:30  INFO 6000 --- [restartedMain] c.e.A.AuthorizationServiceApplication    : Starting AuthorizationServiceApplication using Java 21.0.1 with PID 6000 (D:\downloads\JAVA\AuthProjects\AuthorizationService\target\classes started by SHUBHAM in D:\downloads\JAVA\AuthProjects\AuthorizationService)
2025-01-03T22:05:07.110+05:30  INFO 6000 --- [restartedMain] c.e.A.AuthorizationServiceApplication    : No active profile set, falling back to 1 default profile: "default"
2025-01-03T22:05:07.264+05:30  INFO 6000 --- [restartedMain] .e.DevToolsPropertyDefaultsPostProcessor : Devtools property defaults active! Set 'spring.devtools.add-properties' to 'false' to disable
2025-01-03T22:05:07.265+05:30  INFO 6000 --- [restartedMain] .e.DevToolsPropertyDefaultsPostProcessor : For additional web related logging consider setting the 'logging.level.web' property to 'DEBUG'
2025-01-03T22:05:09.432+05:30  INFO 6000 --- [restartedMain] .s.d.r.c.RepositoryConfigurationDelegate : Bootstrapping Spring Data JPA repositories in DEFAULT mode.
2025-01-03T22:05:09.570+05:30  INFO 6000 --- [restartedMain] .s.d.r.c.RepositoryConfigurationDelegate : Finished Spring Data repository scanning in 115 ms. Found 2 JPA repository interfaces.
2025-01-03T22:05:11.243+05:30  INFO 6000 --- [restartedMain] o.s.b.w.embedded.tomcat.TomcatWebServer  : Tomcat initialized with port 8080 (http)
2025-01-03T22:05:11.303+05:30  INFO 6000 --- [restartedMain] o.apache.catalina.core.StandardService   : Starting service [Tomcat]
2025-01-03T22:05:11.303+05:30  INFO 6000 --- [restartedMain] o.apache.catalina.core.StandardEngine    : Starting Servlet engine: [Apache Tomcat/10.1.25]
2025-01-03T22:05:11.397+05:30  INFO 6000 --- [restartedMain] o.a.c.c.C.[Tomcat].[localhost].[/]       : Initializing Spring embedded WebApplicationContext
2025-01-03T22:05:11.397+05:30  INFO 6000 --- [restartedMain] w.s.c.ServletWebServerApplicationContext : Root WebApplicationContext: initialization completed in 4131 ms
2025-01-03T22:05:11.787+05:30  INFO 6000 --- [restartedMain] o.hibernate.jpa.internal.util.LogHelper  : HHH000204: Processing PersistenceUnitInfo [name: default]
2025-01-03T22:05:11.892+05:30  INFO 6000 --- [restartedMain] org.hibernate.Version                    : HHH000412: Hibernate ORM core version 6.5.2.Final
2025-01-03T22:05:11.956+05:30  INFO 6000 --- [restartedMain] o.h.c.internal.RegionFactoryInitiator    : HHH000026: Second-level cache disabled
2025-01-03T22:05:12.476+05:30  INFO 6000 --- [restartedMain] o.s.o.j.p.SpringPersistenceUnitInfo      : No LoadTimeWeaver setup: ignoring JPA class transformer
2025-01-03T22:05:12.521+05:30  INFO 6000 --- [restartedMain] com.zaxxer.hikari.HikariDataSource       : HikariPool-1 - Starting...
2025-01-03T22:05:14.171+05:30  INFO 6000 --- [restartedMain] com.zaxxer.hikari.pool.HikariPool        : HikariPool-1 - Added connection com.mysql.cj.jdbc.ConnectionImpl@6e88a1dd
2025-01-03T22:05:14.172+05:30  INFO 6000 --- [restartedMain] com.zaxxer.hikari.HikariDataSource       : HikariPool-1 - Start completed.
2025-01-03T22:05:16.130+05:30  INFO 6000 --- [restartedMain] o.h.e.t.j.p.i.JtaPlatformInitiator       : HHH000489: No JTA platform available (set 'hibernate.transaction.jta.platform' to enable JTA platform integration)
2025-01-03T22:05:16.762+05:30  INFO 6000 --- [restartedMain] j.LocalContainerEntityManagerFactoryBean : Initialized JPA EntityManagerFactory for persistence unit 'default'
2025-01-03T22:05:17.625+05:30  INFO 6000 --- [restartedMain] eAuthenticationProviderManagerConfigurer : Global AuthenticationManager configured with AuthenticationProvider bean with name authenticationProvider
2025-01-03T22:05:17.627+05:30  WARN 6000 --- [restartedMain] r$InitializeUserDetailsManagerConfigurer : Global AuthenticationManager configured with an AuthenticationProvider bean. UserDetailsService beans will not be used for username/password login. Consider removing the AuthenticationProvider bean. Alternatively, consider using the UserDetailsService in a manually instantiated DaoAuthenticationProvider.
2025-01-03T22:05:18.363+05:30  WARN 6000 --- [restartedMain] JpaBaseConfiguration$JpaWebConfiguration : spring.jpa.open-in-view is enabled by default. Therefore, database queries may be performed during view rendering. Explicitly configure spring.jpa.open-in-view to disable this warning
2025-01-03T22:05:18.974+05:30  INFO 6000 --- [restartedMain] o.s.b.d.a.OptionalLiveReloadServer       : LiveReload server is running on port 35729
2025-01-03T22:05:19.046+05:30  INFO 6000 --- [restartedMain] o.s.b.w.embedded.tomcat.TomcatWebServer  : Tomcat started on port 8080 (http) with context path '/'
2025-01-03T22:05:19.055+05:30  INFO 6000 --- [restartedMain] c.e.A.AuthorizationServiceApplication    : Started AuthorizationServiceApplication in 13.184 seconds (process running for 14.983)
2025-01-03T22:05:22.929+05:30  INFO 6000 --- [http-nio-8080-exec-1] o.a.c.c.C.[Tomcat].[localhost].[/]       : Initializing Spring DispatcherServlet 'dispatcherServlet'
2025-01-03T22:05:22.929+05:30  INFO 6000 --- [http-nio-8080-exec-1] o.s.web.servlet.DispatcherServlet        : Initializing Servlet 'dispatcherServlet'
2025-01-03T22:05:22.931+05:30  INFO 6000 --- [http-nio-8080-exec-1] o.s.web.servlet.DispatcherServlet        : Completed initialization in 2 ms
2025-01-03T22:05:23.026+05:30  INFO 6000 --- [http-nio-8080-exec-1] c.e.A.Controller.loginController         : Inside current user controller :eyJhbGciOiJIUzI1NiJ9.eyJpYXQiOjE3MzU5MTg4MjUsImV4cCI6MTczNTkyMjQyNSwic3ViIjoiY2hhdHRyZWVzaHViaGFtQGdtYWlsLmNvbSJ9.dEJgdCoWVk0hnTf2SL9c1tJsLg5CLuS6yeAFvxNXELk
2025-01-03T22:05:50.245+05:30  INFO 6000 --- [http-nio-8080-exec-4] c.e.A.Controller.loginController         : Inside signout controller
2025-01-03T22:05:50.245+05:30  INFO 6000 --- [http-nio-8080-exec-4] c.e.A.Controller.loginController         : no cookies found
2025-01-03T22:06:28.465+05:30  INFO 6000 --- [http-nio-8080-exec-6] c.e.A.Controller.loginController         : Inside current user controller :eyJhbGciOiJIUzI1NiJ9.eyJpYXQiOjE3MzU5MTg4MjUsImV4cCI6MTczNTkyMjQyNSwic3ViIjoiY2hhdHRyZWVzaHViaGFtQGdtYWlsLmNvbSJ9.dEJgdCoWVk0hnTf2SL9c1tJsLg5CLuS6yeAFvxNXELk
2025-01-03T22:06:37.457+05:30  INFO 6000 --- [http-nio-8080-exec-9] c.e.A.Controller.loginController         : Inside signout controller
2025-01-03T22:06:49.482+05:30  INFO 6000 --- [http-nio-8080-exec-1] c.e.A.Controller.loginController         : Inside current user controller :eyJhbGciOiJIUzI1NiJ9.eyJpYXQiOjE3MzU5MTg4MjUsImV4cCI6MTczNTkyMjQyNSwic3ViIjoiY2hhdHRyZWVzaHViaGFtQGdtYWlsLmNvbSJ9.dEJgdCoWVk0hnTf2SL9c1tJsLg5CLuS6yeAFvxNXELk
2025-01-03T22:07:17.931+05:30  INFO 6000 --- [http-nio-8080-exec-4] c.e.A.Controller.loginController         : Inside current user controller :eyJhbGciOiJIUzI1NiJ9.eyJpYXQiOjE3MzU5MTg4MjUsImV4cCI6MTczNTkyMjQyNSwic3ViIjoiY2hhdHRyZWVzaHViaGFtQGdtYWlsLmNvbSJ9.dEJgdCoWVk0hnTf2SL9c1tJsLg5CLuS6yeAFvxNXELk
2025-01-03T22:13:29.527+05:30  INFO 6000 --- [SpringApplicationShutdownHook] j.LocalContainerEntityManagerFactoryBean : Closing JPA EntityManagerFactory for persistence unit 'default'
2025-01-03T22:13:29.532+05:30  INFO 6000 --- [SpringApplicationShutdownHook] com.zaxxer.hikari.HikariDataSource       : HikariPool-1 - Shutdown initiated...
2025-01-03T22:13:29.616+05:30  INFO 6000 --- [SpringApplicationShutdownHook] com.zaxxer.hikari.HikariDataSource       : HikariPool-1 - Shutdown completed.
2025-01-03T22:13:41.589+05:30  INFO 32952 --- [restartedMain] c.e.A.AuthorizationServiceApplication    : Starting AuthorizationServiceApplication using Java 21.0.1 with PID 32952 (D:\downloads\JAVA\AuthProjects\AuthorizationService\target\classes started by SHUBHAM in D:\downloads\JAVA\AuthProjects\AuthorizationService)
2025-01-03T22:13:41.609+05:30  INFO 32952 --- [restartedMain] c.e.A.AuthorizationServiceApplication    : No active profile set, falling back to 1 default profile: "default"
2025-01-03T22:13:41.691+05:30  INFO 32952 --- [restartedMain] .e.DevToolsPropertyDefaultsPostProcessor : Devtools property defaults active! Set 'spring.devtools.add-properties' to 'false' to disable
2025-01-03T22:13:41.692+05:30  INFO 32952 --- [restartedMain] .e.DevToolsPropertyDefaultsPostProcessor : For additional web related logging consider setting the 'logging.level.web' property to 'DEBUG'
2025-01-03T22:13:43.681+05:30  INFO 32952 --- [restartedMain] .s.d.r.c.RepositoryConfigurationDelegate : Bootstrapping Spring Data JPA repositories in DEFAULT mode.
2025-01-03T22:13:43.802+05:30  INFO 32952 --- [restartedMain] .s.d.r.c.RepositoryConfigurationDelegate : Finished Spring Data repository scanning in 98 ms. Found 2 JPA repository interfaces.
2025-01-03T22:13:44.684+05:30  INFO 32952 --- [restartedMain] o.s.b.w.embedded.tomcat.TomcatWebServer  : Tomcat initialized with port 8080 (http)
2025-01-03T22:13:44.718+05:30  INFO 32952 --- [restartedMain] o.apache.catalina.core.StandardService   : Starting service [Tomcat]
2025-01-03T22:13:44.719+05:30  INFO 32952 --- [restartedMain] o.apache.catalina.core.StandardEngine    : Starting Servlet engine: [Apache Tomcat/10.1.25]
2025-01-03T22:13:44.812+05:30  INFO 32952 --- [restartedMain] o.a.c.c.C.[Tomcat].[localhost].[/]       : Initializing Spring embedded WebApplicationContext
2025-01-03T22:13:44.812+05:30  INFO 32952 --- [restartedMain] w.s.c.ServletWebServerApplicationContext : Root WebApplicationContext: initialization completed in 3118 ms
2025-01-03T22:13:45.028+05:30  INFO 32952 --- [restartedMain] o.hibernate.jpa.internal.util.LogHelper  : HHH000204: Processing PersistenceUnitInfo [name: default]
2025-01-03T22:13:45.115+05:30  INFO 32952 --- [restartedMain] org.hibernate.Version                    : HHH000412: Hibernate ORM core version 6.5.2.Final
2025-01-03T22:13:45.165+05:30  INFO 32952 --- [restartedMain] o.h.c.internal.RegionFactoryInitiator    : HHH000026: Second-level cache disabled
2025-01-03T22:13:45.529+05:30  INFO 32952 --- [restartedMain] o.s.o.j.p.SpringPersistenceUnitInfo      : No LoadTimeWeaver setup: ignoring JPA class transformer
2025-01-03T22:13:45.563+05:30  INFO 32952 --- [restartedMain] com.zaxxer.hikari.HikariDataSource       : HikariPool-1 - Starting...
2025-01-03T22:13:49.702+05:30  INFO 32952 --- [restartedMain] com.zaxxer.hikari.pool.HikariPool        : HikariPool-1 - Added connection com.mysql.cj.jdbc.ConnectionImpl@6bebc10d
2025-01-03T22:13:49.704+05:30  INFO 32952 --- [restartedMain] com.zaxxer.hikari.HikariDataSource       : HikariPool-1 - Start completed.
2025-01-03T22:13:52.730+05:30  INFO 32952 --- [restartedMain] o.h.e.t.j.p.i.JtaPlatformInitiator       : HHH000489: No JTA platform available (set 'hibernate.transaction.jta.platform' to enable JTA platform integration)
2025-01-03T22:13:55.845+05:30  INFO 32952 --- [restartedMain] j.LocalContainerEntityManagerFactoryBean : Initialized JPA EntityManagerFactory for persistence unit 'default'
2025-01-03T22:13:57.085+05:30  INFO 32952 --- [restartedMain] eAuthenticationProviderManagerConfigurer : Global AuthenticationManager configured with AuthenticationProvider bean with name authenticationProvider
2025-01-03T22:13:57.086+05:30  WARN 32952 --- [restartedMain] r$InitializeUserDetailsManagerConfigurer : Global AuthenticationManager configured with an AuthenticationProvider bean. UserDetailsService beans will not be used for username/password login. Consider removing the AuthenticationProvider bean. Alternatively, consider using the UserDetailsService in a manually instantiated DaoAuthenticationProvider.
2025-01-03T22:13:57.299+05:30  WARN 32952 --- [restartedMain] JpaBaseConfiguration$JpaWebConfiguration : spring.jpa.open-in-view is enabled by default. Therefore, database queries may be performed during view rendering. Explicitly configure spring.jpa.open-in-view to disable this warning
2025-01-03T22:13:58.386+05:30  INFO 32952 --- [restartedMain] o.s.b.d.a.OptionalLiveReloadServer       : LiveReload server is running on port 35729
2025-01-03T22:13:58.814+05:30  INFO 32952 --- [restartedMain] o.s.b.w.embedded.tomcat.TomcatWebServer  : Tomcat started on port 8080 (http) with context path '/'
2025-01-03T22:13:58.824+05:30  INFO 32952 --- [restartedMain] c.e.A.AuthorizationServiceApplication    : Started AuthorizationServiceApplication in 18.1 seconds (process running for 18.971)
2025-01-03T22:13:59.845+05:30  INFO 32952 --- [http-nio-8080-exec-1] o.a.c.c.C.[Tomcat].[localhost].[/]       : Initializing Spring DispatcherServlet 'dispatcherServlet'
2025-01-03T22:13:59.846+05:30  INFO 32952 --- [http-nio-8080-exec-1] o.s.web.servlet.DispatcherServlet        : Initializing Servlet 'dispatcherServlet'
2025-01-03T22:13:59.847+05:30  INFO 32952 --- [http-nio-8080-exec-1] o.s.web.servlet.DispatcherServlet        : Completed initialization in 1 ms
2025-01-03T22:14:26.281+05:30  INFO 32952 --- [http-nio-8080-exec-7] c.e.A.Controller.loginController         : Inside current user controller :eyJhbGciOiJIUzI1NiJ9.eyJpYXQiOjE3MzU5MjI2NTksImV4cCI6MTczNTkyNjI1OSwic3ViIjoiY2hhdHRyZWVzaHViaGFtQGdtYWlsLmNvbSJ9.es3i_oVryhQFcEj6fHvQsc1GnI4g4NJgS673CvCEKdY
2025-01-03T22:14:42.121+05:30  INFO 32952 --- [http-nio-8080-exec-5] c.e.A.Controller.loginController         : Inside signout controller
2025-01-03T22:14:42.122+05:30  INFO 32952 --- [http-nio-8080-exec-5] c.e.A.Controller.loginController         : user logout successful
2025-01-03T22:15:01.760+05:30  INFO 32952 --- [SpringApplicationShutdownHook] j.LocalContainerEntityManagerFactoryBean : Closing JPA EntityManagerFactory for persistence unit 'default'
2025-01-03T22:15:01.764+05:30  INFO 32952 --- [SpringApplicationShutdownHook] com.zaxxer.hikari.HikariDataSource       : HikariPool-1 - Shutdown initiated...
2025-01-03T22:15:01.803+05:30  INFO 32952 --- [SpringApplicationShutdownHook] com.zaxxer.hikari.HikariDataSource       : HikariPool-1 - Shutdown completed.
2025-01-03T22:15:17.740+05:30  INFO 31564 --- [restartedMain] c.e.A.AuthorizationServiceApplication    : Starting AuthorizationServiceApplication using Java 21.0.1 with PID 31564 (D:\downloads\JAVA\AuthProjects\AuthorizationService\target\classes started by SHUBHAM in D:\downloads\JAVA\AuthProjects\AuthorizationService)
2025-01-03T22:15:17.743+05:30  INFO 31564 --- [restartedMain] c.e.A.AuthorizationServiceApplication    : No active profile set, falling back to 1 default profile: "default"
2025-01-03T22:15:17.809+05:30  INFO 31564 --- [restartedMain] .e.DevToolsPropertyDefaultsPostProcessor : Devtools property defaults active! Set 'spring.devtools.add-properties' to 'false' to disable
2025-01-03T22:15:17.810+05:30  INFO 31564 --- [restartedMain] .e.DevToolsPropertyDefaultsPostProcessor : For additional web related logging consider setting the 'logging.level.web' property to 'DEBUG'
2025-01-03T22:15:18.929+05:30  INFO 31564 --- [restartedMain] .s.d.r.c.RepositoryConfigurationDelegate : Bootstrapping Spring Data JPA repositories in DEFAULT mode.
2025-01-03T22:15:19.032+05:30  INFO 31564 --- [restartedMain] .s.d.r.c.RepositoryConfigurationDelegate : Finished Spring Data repository scanning in 94 ms. Found 2 JPA repository interfaces.
2025-01-03T22:15:20.077+05:30  INFO 31564 --- [restartedMain] o.s.b.w.embedded.tomcat.TomcatWebServer  : Tomcat initialized with port 8080 (http)
2025-01-03T22:15:20.119+05:30  INFO 31564 --- [restartedMain] o.apache.catalina.core.StandardService   : Starting service [Tomcat]
2025-01-03T22:15:20.120+05:30  INFO 31564 --- [restartedMain] o.apache.catalina.core.StandardEngine    : Starting Servlet engine: [Apache Tomcat/10.1.25]
2025-01-03T22:15:20.218+05:30  INFO 31564 --- [restartedMain] o.a.c.c.C.[Tomcat].[localhost].[/]       : Initializing Spring embedded WebApplicationContext
2025-01-03T22:15:20.219+05:30  INFO 31564 --- [restartedMain] w.s.c.ServletWebServerApplicationContext : Root WebApplicationContext: initialization completed in 2406 ms
2025-01-03T22:15:20.523+05:30  INFO 31564 --- [restartedMain] o.hibernate.jpa.internal.util.LogHelper  : HHH000204: Processing PersistenceUnitInfo [name: default]
2025-01-03T22:15:20.653+05:30  INFO 31564 --- [restartedMain] org.hibernate.Version                    : HHH000412: Hibernate ORM core version 6.5.2.Final
2025-01-03T22:15:20.716+05:30  INFO 31564 --- [restartedMain] o.h.c.internal.RegionFactoryInitiator    : HHH000026: Second-level cache disabled
2025-01-03T22:15:21.123+05:30  INFO 31564 --- [restartedMain] o.s.o.j.p.SpringPersistenceUnitInfo      : No LoadTimeWeaver setup: ignoring JPA class transformer
2025-01-03T22:15:21.157+05:30  INFO 31564 --- [restartedMain] com.zaxxer.hikari.HikariDataSource       : HikariPool-1 - Starting...
2025-01-03T22:15:23.083+05:30  INFO 31564 --- [restartedMain] com.zaxxer.hikari.pool.HikariPool        : HikariPool-1 - Added connection com.mysql.cj.jdbc.ConnectionImpl@47ef3f14
2025-01-03T22:15:23.084+05:30  INFO 31564 --- [restartedMain] com.zaxxer.hikari.HikariDataSource       : HikariPool-1 - Start completed.
2025-01-03T22:15:24.160+05:30  INFO 31564 --- [restartedMain] o.h.e.t.j.p.i.JtaPlatformInitiator       : HHH000489: No JTA platform available (set 'hibernate.transaction.jta.platform' to enable JTA platform integration)
2025-01-03T22:15:25.312+05:30  INFO 31564 --- [restartedMain] j.LocalContainerEntityManagerFactoryBean : Initialized JPA EntityManagerFactory for persistence unit 'default'
2025-01-03T22:15:25.878+05:30  INFO 31564 --- [restartedMain] eAuthenticationProviderManagerConfigurer : Global AuthenticationManager configured with AuthenticationProvider bean with name authenticationProvider
2025-01-03T22:15:25.879+05:30  WARN 31564 --- [restartedMain] r$InitializeUserDetailsManagerConfigurer : Global AuthenticationManager configured with an AuthenticationProvider bean. UserDetailsService beans will not be used for username/password login. Consider removing the AuthenticationProvider bean. Alternatively, consider using the UserDetailsService in a manually instantiated DaoAuthenticationProvider.
2025-01-03T22:15:26.039+05:30  WARN 31564 --- [restartedMain] JpaBaseConfiguration$JpaWebConfiguration : spring.jpa.open-in-view is enabled by default. Therefore, database queries may be performed during view rendering. Explicitly configure spring.jpa.open-in-view to disable this warning
2025-01-03T22:15:26.749+05:30  INFO 31564 --- [restartedMain] o.s.b.d.a.OptionalLiveReloadServer       : LiveReload server is running on port 35729
2025-01-03T22:15:26.810+05:30  INFO 31564 --- [restartedMain] o.s.b.w.embedded.tomcat.TomcatWebServer  : Tomcat started on port 8080 (http) with context path '/'
2025-01-03T22:15:26.823+05:30  INFO 31564 --- [restartedMain] c.e.A.AuthorizationServiceApplication    : Started AuthorizationServiceApplication in 10.351 seconds (process running for 11.879)
2025-01-03T22:15:30.849+05:30  INFO 31564 --- [http-nio-8080-exec-2] o.a.c.c.C.[Tomcat].[localhost].[/]       : Initializing Spring DispatcherServlet 'dispatcherServlet'
2025-01-03T22:15:30.849+05:30  INFO 31564 --- [http-nio-8080-exec-2] o.s.web.servlet.DispatcherServlet        : Initializing Servlet 'dispatcherServlet'
2025-01-03T22:15:30.850+05:30  INFO 31564 --- [http-nio-8080-exec-2] o.s.web.servlet.DispatcherServlet        : Completed initialization in 1 ms
2025-01-03T22:15:44.655+05:30  INFO 31564 --- [http-nio-8080-exec-6] c.e.A.Controller.loginController         : Inside current user controller :eyJhbGciOiJIUzI1NiJ9.eyJpYXQiOjE3MzU5MjI3NDMsImV4cCI6MTczNTkyNjM0Mywic3ViIjoiY2hhdHRyZWVzaHViaGFtQGdtYWlsLmNvbSJ9.bI1aG57iPJAXBlLDwTi9sNhIDZT4VsNTsEXnVEuiPPY
2025-01-03T22:15:51.857+05:30  INFO 31564 --- [http-nio-8080-exec-9] c.e.A.Controller.loginController         : Inside signout controller
2025-01-03T22:15:51.858+05:30  INFO 31564 --- [http-nio-8080-exec-9] c.e.A.Controller.loginController         : user logout successful
2025-01-03T22:16:01.001+05:30  INFO 31564 --- [http-nio-8080-exec-2] c.e.A.Controller.loginController         : Inside current user controller :eyJhbGciOiJIUzI1NiJ9.eyJpYXQiOjE3MzU5MjI3NDMsImV4cCI6MTczNTkyNjM0Mywic3ViIjoiY2hhdHRyZWVzaHViaGFtQGdtYWlsLmNvbSJ9.bI1aG57iPJAXBlLDwTi9sNhIDZT4VsNTsEXnVEuiPPY
2025-01-03T22:23:29.401+05:30  INFO 31564 --- [SpringApplicationShutdownHook] j.LocalContainerEntityManagerFactoryBean : Closing JPA EntityManagerFactory for persistence unit 'default'
2025-01-03T22:23:29.424+05:30  INFO 31564 --- [SpringApplicationShutdownHook] com.zaxxer.hikari.HikariDataSource       : HikariPool-1 - Shutdown initiated...
2025-01-03T22:23:29.452+05:30  INFO 31564 --- [SpringApplicationShutdownHook] com.zaxxer.hikari.HikariDataSource       : HikariPool-1 - Shutdown completed.
2025-01-03T22:24:28.536+05:30  INFO 37356 --- [restartedMain] c.e.A.AuthorizationServiceApplication    : Starting AuthorizationServiceApplication using Java 21.0.1 with PID 37356 (D:\downloads\JAVA\AuthProjects\AuthorizationService\target\classes started by SHUBHAM in D:\downloads\JAVA\AuthProjects\AuthorizationService)
2025-01-03T22:24:28.537+05:30  INFO 37356 --- [restartedMain] c.e.A.AuthorizationServiceApplication    : No active profile set, falling back to 1 default profile: "default"
2025-01-03T22:24:28.598+05:30  INFO 37356 --- [restartedMain] .e.DevToolsPropertyDefaultsPostProcessor : Devtools property defaults active! Set 'spring.devtools.add-properties' to 'false' to disable
2025-01-03T22:24:28.598+05:30  INFO 37356 --- [restartedMain] .e.DevToolsPropertyDefaultsPostProcessor : For additional web related logging consider setting the 'logging.level.web' property to 'DEBUG'
2025-01-03T22:24:29.738+05:30  INFO 37356 --- [restartedMain] .s.d.r.c.RepositoryConfigurationDelegate : Bootstrapping Spring Data JPA repositories in DEFAULT mode.
2025-01-03T22:24:29.982+05:30  INFO 37356 --- [restartedMain] .s.d.r.c.RepositoryConfigurationDelegate : Finished Spring Data repository scanning in 235 ms. Found 2 JPA repository interfaces.
2025-01-03T22:24:30.747+05:30  INFO 37356 --- [restartedMain] o.s.b.w.embedded.tomcat.TomcatWebServer  : Tomcat initialized with port 8080 (http)
2025-01-03T22:24:30.765+05:30  INFO 37356 --- [restartedMain] o.apache.catalina.core.StandardService   : Starting service [Tomcat]
2025-01-03T22:24:30.766+05:30  INFO 37356 --- [restartedMain] o.apache.catalina.core.StandardEngine    : Starting Servlet engine: [Apache Tomcat/10.1.25]
2025-01-03T22:24:30.835+05:30  INFO 37356 --- [restartedMain] o.a.c.c.C.[Tomcat].[localhost].[/]       : Initializing Spring embedded WebApplicationContext
2025-01-03T22:24:30.836+05:30  INFO 37356 --- [restartedMain] w.s.c.ServletWebServerApplicationContext : Root WebApplicationContext: initialization completed in 2237 ms
2025-01-03T22:24:31.019+05:30  INFO 37356 --- [restartedMain] o.hibernate.jpa.internal.util.LogHelper  : HHH000204: Processing PersistenceUnitInfo [name: default]
2025-01-03T22:24:31.116+05:30  INFO 37356 --- [restartedMain] org.hibernate.Version                    : HHH000412: Hibernate ORM core version 6.5.2.Final
2025-01-03T22:24:31.166+05:30  INFO 37356 --- [restartedMain] o.h.c.internal.RegionFactoryInitiator    : HHH000026: Second-level cache disabled
2025-01-03T22:24:31.496+05:30  INFO 37356 --- [restartedMain] o.s.o.j.p.SpringPersistenceUnitInfo      : No LoadTimeWeaver setup: ignoring JPA class transformer
2025-01-03T22:24:31.531+05:30  INFO 37356 --- [restartedMain] com.zaxxer.hikari.HikariDataSource       : HikariPool-1 - Starting...
2025-01-03T22:24:32.369+05:30  INFO 37356 --- [restartedMain] com.zaxxer.hikari.pool.HikariPool        : HikariPool-1 - Added connection com.mysql.cj.jdbc.ConnectionImpl@11a37403
2025-01-03T22:24:32.371+05:30  INFO 37356 --- [restartedMain] com.zaxxer.hikari.HikariDataSource       : HikariPool-1 - Start completed.
2025-01-03T22:24:33.557+05:30  INFO 37356 --- [restartedMain] o.h.e.t.j.p.i.JtaPlatformInitiator       : HHH000489: No JTA platform available (set 'hibernate.transaction.jta.platform' to enable JTA platform integration)
2025-01-03T22:24:33.857+05:30  INFO 37356 --- [restartedMain] j.LocalContainerEntityManagerFactoryBean : Initialized JPA EntityManagerFactory for persistence unit 'default'
2025-01-03T22:24:34.509+05:30  INFO 37356 --- [restartedMain] eAuthenticationProviderManagerConfigurer : Global AuthenticationManager configured with AuthenticationProvider bean with name authenticationProvider
2025-01-03T22:24:34.510+05:30  WARN 37356 --- [restartedMain] r$InitializeUserDetailsManagerConfigurer : Global AuthenticationManager configured with an AuthenticationProvider bean. UserDetailsService beans will not be used for username/password login. Consider removing the AuthenticationProvider bean. Alternatively, consider using the UserDetailsService in a manually instantiated DaoAuthenticationProvider.
2025-01-03T22:24:34.864+05:30  WARN 37356 --- [restartedMain] JpaBaseConfiguration$JpaWebConfiguration : spring.jpa.open-in-view is enabled by default. Therefore, database queries may be performed during view rendering. Explicitly configure spring.jpa.open-in-view to disable this warning
2025-01-03T22:24:36.910+05:30  INFO 37356 --- [restartedMain] o.s.b.d.a.OptionalLiveReloadServer       : LiveReload server is running on port 35729
2025-01-03T22:24:37.068+05:30  INFO 37356 --- [restartedMain] o.s.b.w.embedded.tomcat.TomcatWebServer  : Tomcat started on port 8080 (http) with context path '/'
2025-01-03T22:24:37.105+05:30  INFO 37356 --- [restartedMain] c.e.A.AuthorizationServiceApplication    : Started AuthorizationServiceApplication in 9.423 seconds (process running for 10.398)
2025-01-03T22:24:49.213+05:30  INFO 37356 --- [http-nio-8080-exec-1] o.a.c.c.C.[Tomcat].[localhost].[/]       : Initializing Spring DispatcherServlet 'dispatcherServlet'
2025-01-03T22:24:49.216+05:30  INFO 37356 --- [http-nio-8080-exec-1] o.s.web.servlet.DispatcherServlet        : Initializing Servlet 'dispatcherServlet'
2025-01-03T22:24:49.221+05:30  INFO 37356 --- [http-nio-8080-exec-1] o.s.web.servlet.DispatcherServlet        : Completed initialization in 4 ms
2025-01-03T22:24:49.588+05:30  INFO 37356 --- [http-nio-8080-exec-1] c.e.A.Controller.loginController         : Inside current user controller :eyJhbGciOiJIUzI1NiJ9.eyJpYXQiOjE3MzU5MjI3NDMsImV4cCI6MTczNTkyNjM0Mywic3ViIjoiY2hhdHRyZWVzaHViaGFtQGdtYWlsLmNvbSJ9.bI1aG57iPJAXBlLDwTi9sNhIDZT4VsNTsEXnVEuiPPY
2025-01-03T22:25:00.932+05:30  INFO 37356 --- [http-nio-8080-exec-7] c.e.A.Controller.loginController         : Inside signout controller
2025-01-03T22:25:00.933+05:30  INFO 37356 --- [http-nio-8080-exec-7] c.e.A.Controller.loginController         : user logout successful
2025-01-03T22:25:00.933+05:30  INFO 37356 --- [http-nio-8080-exec-7] c.e.A.Controller.loginController         : user logout successful
2025-01-03T22:26:15.652+05:30  INFO 37356 --- [http-nio-8080-exec-5] c.e.A.Controller.loginController         : Inside current user controller :null
2025-01-03T22:26:15.662+05:30 ERROR 37356 --- [http-nio-8080-exec-5] o.a.c.c.C.[.[.[/].[dispatcherServlet]    : Servlet.service() for servlet [dispatcherServlet] in context with path [] threw exception [Request processing failed: io.jsonwebtoken.MalformedJwtException: Invalid compact JWT string: Compact JWSs must contain exactly 2 period characters, and compact JWEs must contain exactly 4.  Found: 0] with root cause

io.jsonwebtoken.MalformedJwtException: Invalid compact JWT string: Compact JWSs must contain exactly 2 period characters, and compact JWEs must contain exactly 4.  Found: 0
	at io.jsonwebtoken.impl.JwtTokenizer.tokenize(JwtTokenizer.java:102) ~[jjwt-impl-0.12.5.jar:0.12.5]
	at io.jsonwebtoken.impl.DefaultJwtParser.parse(DefaultJwtParser.java:370) ~[jjwt-impl-0.12.5.jar:0.12.5]
	at io.jsonwebtoken.impl.DefaultJwtParser.parse(DefaultJwtParser.java:362) ~[jjwt-impl-0.12.5.jar:0.12.5]
	at io.jsonwebtoken.impl.DefaultJwtParser.parse(DefaultJwtParser.java:94) ~[jjwt-impl-0.12.5.jar:0.12.5]
	at io.jsonwebtoken.impl.io.AbstractParser.parse(AbstractParser.java:36) ~[jjwt-impl-0.12.5.jar:0.12.5]
	at io.jsonwebtoken.impl.io.AbstractParser.parse(AbstractParser.java:29) ~[jjwt-impl-0.12.5.jar:0.12.5]
	at io.jsonwebtoken.impl.DefaultJwtParser.parseSignedClaims(DefaultJwtParser.java:821) ~[jjwt-impl-0.12.5.jar:0.12.5]
	at io.jsonwebtoken.impl.DefaultJwtParser.parseClaimsJws(DefaultJwtParser.java:797) ~[jjwt-impl-0.12.5.jar:0.12.5]
	at com.example.AuthorizationService.Services.JwtService.extractAllPayLoads(JwtService.java:57) ~[classes/:na]
	at com.example.AuthorizationService.Services.JwtService.extractClaim(JwtService.java:61) ~[classes/:na]
	at com.example.AuthorizationService.Services.JwtService.extractExpiration(JwtService.java:65) ~[classes/:na]
	at com.example.AuthorizationService.Services.JwtService.isTokenExpired(JwtService.java:77) ~[classes/:na]
	at com.example.AuthorizationService.Controller.loginController.getCurrentUser(loginController.java:77) ~[classes/:na]
	at java.base/jdk.internal.reflect.DirectMethodHandleAccessor.invoke(DirectMethodHandleAccessor.java:103) ~[na:na]
	at java.base/java.lang.reflect.Method.invoke(Method.java:580) ~[na:na]
	at org.springframework.web.method.support.InvocableHandlerMethod.doInvoke(InvocableHandlerMethod.java:255) ~[spring-web-6.1.10.jar:6.1.10]
	at org.springframework.web.method.support.InvocableHandlerMethod.invokeForRequest(InvocableHandlerMethod.java:188) ~[spring-web-6.1.10.jar:6.1.10]
	at org.springframework.web.servlet.mvc.method.annotation.ServletInvocableHandlerMethod.invokeAndHandle(ServletInvocableHandlerMethod.java:118) ~[spring-webmvc-6.1.10.jar:6.1.10]
	at org.springframework.web.servlet.mvc.method.annotation.RequestMappingHandlerAdapter.invokeHandlerMethod(RequestMappingHandlerAdapter.java:926) ~[spring-webmvc-6.1.10.jar:6.1.10]
	at org.springframework.web.servlet.mvc.method.annotation.RequestMappingHandlerAdapter.handleInternal(RequestMappingHandlerAdapter.java:831) ~[spring-webmvc-6.1.10.jar:6.1.10]
	at org.springframework.web.servlet.mvc.method.AbstractHandlerMethodAdapter.handle(AbstractHandlerMethodAdapter.java:87) ~[spring-webmvc-6.1.10.jar:6.1.10]
	at org.springframework.web.servlet.DispatcherServlet.doDispatch(DispatcherServlet.java:1089) ~[spring-webmvc-6.1.10.jar:6.1.10]
	at org.springframework.web.servlet.DispatcherServlet.doService(DispatcherServlet.java:979) ~[spring-webmvc-6.1.10.jar:6.1.10]
	at org.springframework.web.servlet.FrameworkServlet.processRequest(FrameworkServlet.java:1014) ~[spring-webmvc-6.1.10.jar:6.1.10]
	at org.springframework.web.servlet.FrameworkServlet.doGet(FrameworkServlet.java:903) ~[spring-webmvc-6.1.10.jar:6.1.10]
	at jakarta.servlet.http.HttpServlet.service(HttpServlet.java:564) ~[tomcat-embed-core-10.1.25.jar:6.0]
	at org.springframework.web.servlet.FrameworkServlet.service(FrameworkServlet.java:885) ~[spring-webmvc-6.1.10.jar:6.1.10]
	at jakarta.servlet.http.HttpServlet.service(HttpServlet.java:658) ~[tomcat-embed-core-10.1.25.jar:6.0]
	at org.apache.catalina.core.ApplicationFilterChain.internalDoFilter(ApplicationFilterChain.java:195) ~[tomcat-embed-core-10.1.25.jar:10.1.25]
	at org.apache.catalina.core.ApplicationFilterChain.doFilter(ApplicationFilterChain.java:140) ~[tomcat-embed-core-10.1.25.jar:10.1.25]
	at org.apache.tomcat.websocket.server.WsFilter.doFilter(WsFilter.java:51) ~[tomcat-embed-websocket-10.1.25.jar:10.1.25]
	at org.apache.catalina.core.ApplicationFilterChain.internalDoFilter(ApplicationFilterChain.java:164) ~[tomcat-embed-core-10.1.25.jar:10.1.25]
	at org.apache.catalina.core.ApplicationFilterChain.doFilter(ApplicationFilterChain.java:140) ~[tomcat-embed-core-10.1.25.jar:10.1.25]
	at com.example.AuthorizationService.Filters.SampleFilter.doFilter(SampleFilter.java:19) ~[classes/:na]
	at org.apache.catalina.core.ApplicationFilterChain.internalDoFilter(ApplicationFilterChain.java:164) ~[tomcat-embed-core-10.1.25.jar:10.1.25]
	at org.apache.catalina.core.ApplicationFilterChain.doFilter(ApplicationFilterChain.java:140) ~[tomcat-embed-core-10.1.25.jar:10.1.25]
	at org.springframework.web.filter.OncePerRequestFilter.doFilter(OncePerRequestFilter.java:101) ~[spring-web-6.1.10.jar:6.1.10]
	at org.apache.catalina.core.ApplicationFilterChain.internalDoFilter(ApplicationFilterChain.java:164) ~[tomcat-embed-core-10.1.25.jar:10.1.25]
	at org.apache.catalina.core.ApplicationFilterChain.doFilter(ApplicationFilterChain.java:140) ~[tomcat-embed-core-10.1.25.jar:10.1.25]
	at org.springframework.web.filter.CompositeFilter$VirtualFilterChain.doFilter(CompositeFilter.java:108) ~[spring-web-6.1.10.jar:6.1.10]
	at org.springframework.security.web.FilterChainProxy.lambda$doFilterInternal$3(FilterChainProxy.java:231) ~[spring-security-web-6.3.1.jar:6.3.1]
	at org.springframework.security.web.FilterChainProxy$VirtualFilterChain.doFilter(FilterChainProxy.java:365) ~[spring-security-web-6.3.1.jar:6.3.1]
	at org.springframework.security.web.access.intercept.AuthorizationFilter.doFilter(AuthorizationFilter.java:100) ~[spring-security-web-6.3.1.jar:6.3.1]
	at org.springframework.security.web.FilterChainProxy$VirtualFilterChain.doFilter(FilterChainProxy.java:374) ~[spring-security-web-6.3.1.jar:6.3.1]
	at org.springframework.security.web.access.ExceptionTranslationFilter.doFilter(ExceptionTranslationFilter.java:126) ~[spring-security-web-6.3.1.jar:6.3.1]
	at org.springframework.security.web.access.ExceptionTranslationFilter.doFilter(ExceptionTranslationFilter.java:120) ~[spring-security-web-6.3.1.jar:6.3.1]
	at org.springframework.security.web.FilterChainProxy$VirtualFilterChain.doFilter(FilterChainProxy.java:374) ~[spring-security-web-6.3.1.jar:6.3.1]
	at org.springframework.security.web.authentication.AnonymousAuthenticationFilter.doFilter(AnonymousAuthenticationFilter.java:100) ~[spring-security-web-6.3.1.jar:6.3.1]
	at org.springframework.security.web.FilterChainProxy$VirtualFilterChain.doFilter(FilterChainProxy.java:374) ~[spring-security-web-6.3.1.jar:6.3.1]
	at org.springframework.security.web.servletapi.SecurityContextHolderAwareRequestFilter.doFilter(SecurityContextHolderAwareRequestFilter.java:179) ~[spring-security-web-6.3.1.jar:6.3.1]
	at org.springframework.security.web.FilterChainProxy$VirtualFilterChain.doFilter(FilterChainProxy.java:374) ~[spring-security-web-6.3.1.jar:6.3.1]
	at org.springframework.security.web.savedrequest.RequestCacheAwareFilter.doFilter(RequestCacheAwareFilter.java:63) ~[spring-security-web-6.3.1.jar:6.3.1]
	at org.springframework.security.web.FilterChainProxy$VirtualFilterChain.doFilter(FilterChainProxy.java:374) ~[spring-security-web-6.3.1.jar:6.3.1]
	at org.springframework.web.filter.OncePerRequestFilter.doFilter(OncePerRequestFilter.java:101) ~[spring-web-6.1.10.jar:6.1.10]
	at org.springframework.security.web.FilterChainProxy$VirtualFilterChain.doFilter(FilterChainProxy.java:374) ~[spring-security-web-6.3.1.jar:6.3.1]
	at org.springframework.security.web.authentication.AbstractAuthenticationProcessingFilter.doFilter(AbstractAuthenticationProcessingFilter.java:227) ~[spring-security-web-6.3.1.jar:6.3.1]
	at org.springframework.security.web.authentication.AbstractAuthenticationProcessingFilter.doFilter(AbstractAuthenticationProcessingFilter.java:221) ~[spring-security-web-6.3.1.jar:6.3.1]
	at org.springframework.security.web.FilterChainProxy$VirtualFilterChain.doFilter(FilterChainProxy.java:374) ~[spring-security-web-6.3.1.jar:6.3.1]
	at org.springframework.security.oauth2.client.web.OAuth2AuthorizationRequestRedirectFilter.doFilterInternal(OAuth2AuthorizationRequestRedirectFilter.java:198) ~[spring-security-oauth2-client-6.3.1.jar:6.3.1]
	at org.springframework.web.filter.OncePerRequestFilter.doFilter(OncePerRequestFilter.java:116) ~[spring-web-6.1.10.jar:6.1.10]
	at org.springframework.security.web.FilterChainProxy$VirtualFilterChain.doFilter(FilterChainProxy.java:374) ~[spring-security-web-6.3.1.jar:6.3.1]
	at org.springframework.security.web.authentication.logout.LogoutFilter.doFilter(LogoutFilter.java:107) ~[spring-security-web-6.3.1.jar:6.3.1]
	at org.springframework.security.web.authentication.logout.LogoutFilter.doFilter(LogoutFilter.java:93) ~[spring-security-web-6.3.1.jar:6.3.1]
	at org.springframework.security.web.FilterChainProxy$VirtualFilterChain.doFilter(FilterChainProxy.java:374) ~[spring-security-web-6.3.1.jar:6.3.1]
	at org.springframework.web.filter.CorsFilter.doFilterInternal(CorsFilter.java:91) ~[spring-web-6.1.10.jar:6.1.10]
	at org.springframework.web.filter.OncePerRequestFilter.doFilter(OncePerRequestFilter.java:116) ~[spring-web-6.1.10.jar:6.1.10]
	at org.springframework.security.web.FilterChainProxy$VirtualFilterChain.doFilter(FilterChainProxy.java:374) ~[spring-security-web-6.3.1.jar:6.3.1]
	at org.springframework.security.web.header.HeaderWriterFilter.doHeadersAfter(HeaderWriterFilter.java:90) ~[spring-security-web-6.3.1.jar:6.3.1]
	at org.springframework.security.web.header.HeaderWriterFilter.doFilterInternal(HeaderWriterFilter.java:75) ~[spring-security-web-6.3.1.jar:6.3.1]
	at org.springframework.web.filter.OncePerRequestFilter.doFilter(OncePerRequestFilter.java:116) ~[spring-web-6.1.10.jar:6.1.10]
	at org.springframework.security.web.FilterChainProxy$VirtualFilterChain.doFilter(FilterChainProxy.java:374) ~[spring-security-web-6.3.1.jar:6.3.1]
	at org.springframework.security.web.context.SecurityContextHolderFilter.doFilter(SecurityContextHolderFilter.java:82) ~[spring-security-web-6.3.1.jar:6.3.1]
	at org.springframework.security.web.context.SecurityContextHolderFilter.doFilter(SecurityContextHolderFilter.java:69) ~[spring-security-web-6.3.1.jar:6.3.1]
	at org.springframework.security.web.FilterChainProxy$VirtualFilterChain.doFilter(FilterChainProxy.java:374) ~[spring-security-web-6.3.1.jar:6.3.1]
	at org.springframework.security.web.context.request.async.WebAsyncManagerIntegrationFilter.doFilterInternal(WebAsyncManagerIntegrationFilter.java:62) ~[spring-security-web-6.3.1.jar:6.3.1]
	at org.springframework.web.filter.OncePerRequestFilter.doFilter(OncePerRequestFilter.java:116) ~[spring-web-6.1.10.jar:6.1.10]
	at org.springframework.security.web.FilterChainProxy$VirtualFilterChain.doFilter(FilterChainProxy.java:374) ~[spring-security-web-6.3.1.jar:6.3.1]
	at org.springframework.security.web.session.DisableEncodeUrlFilter.doFilterInternal(DisableEncodeUrlFilter.java:42) ~[spring-security-web-6.3.1.jar:6.3.1]
	at org.springframework.web.filter.OncePerRequestFilter.doFilter(OncePerRequestFilter.java:116) ~[spring-web-6.1.10.jar:6.1.10]
	at org.springframework.security.web.FilterChainProxy$VirtualFilterChain.doFilter(FilterChainProxy.java:374) ~[spring-security-web-6.3.1.jar:6.3.1]
	at org.springframework.security.web.FilterChainProxy.doFilterInternal(FilterChainProxy.java:233) ~[spring-security-web-6.3.1.jar:6.3.1]
	at org.springframework.security.web.FilterChainProxy.doFilter(FilterChainProxy.java:191) ~[spring-security-web-6.3.1.jar:6.3.1]
	at org.springframework.web.filter.CompositeFilter$VirtualFilterChain.doFilter(CompositeFilter.java:113) ~[spring-web-6.1.10.jar:6.1.10]
	at org.springframework.web.servlet.handler.HandlerMappingIntrospector.lambda$createCacheFilter$3(HandlerMappingIntrospector.java:195) ~[spring-webmvc-6.1.10.jar:6.1.10]
	at org.springframework.web.filter.CompositeFilter$VirtualFilterChain.doFilter(CompositeFilter.java:113) ~[spring-web-6.1.10.jar:6.1.10]
	at org.springframework.web.filter.CompositeFilter.doFilter(CompositeFilter.java:74) ~[spring-web-6.1.10.jar:6.1.10]
	at org.springframework.security.config.annotation.web.configuration.WebMvcSecurityConfiguration$CompositeFilterChainProxy.doFilter(WebMvcSecurityConfiguration.java:230) ~[spring-security-config-6.3.1.jar:6.3.1]
	at org.springframework.web.filter.DelegatingFilterProxy.invokeDelegate(DelegatingFilterProxy.java:352) ~[spring-web-6.1.10.jar:6.1.10]
	at org.springframework.web.filter.DelegatingFilterProxy.doFilter(DelegatingFilterProxy.java:268) ~[spring-web-6.1.10.jar:6.1.10]
	at org.apache.catalina.core.ApplicationFilterChain.internalDoFilter(ApplicationFilterChain.java:164) ~[tomcat-embed-core-10.1.25.jar:10.1.25]
	at org.apache.catalina.core.ApplicationFilterChain.doFilter(ApplicationFilterChain.java:140) ~[tomcat-embed-core-10.1.25.jar:10.1.25]
	at org.springframework.web.filter.RequestContextFilter.doFilterInternal(RequestContextFilter.java:100) ~[spring-web-6.1.10.jar:6.1.10]
	at org.springframework.web.filter.OncePerRequestFilter.doFilter(OncePerRequestFilter.java:116) ~[spring-web-6.1.10.jar:6.1.10]
	at org.apache.catalina.core.ApplicationFilterChain.internalDoFilter(ApplicationFilterChain.java:164) ~[tomcat-embed-core-10.1.25.jar:10.1.25]
	at org.apache.catalina.core.ApplicationFilterChain.doFilter(ApplicationFilterChain.java:140) ~[tomcat-embed-core-10.1.25.jar:10.1.25]
	at org.springframework.web.filter.FormContentFilter.doFilterInternal(FormContentFilter.java:93) ~[spring-web-6.1.10.jar:6.1.10]
	at org.springframework.web.filter.OncePerRequestFilter.doFilter(OncePerRequestFilter.java:116) ~[spring-web-6.1.10.jar:6.1.10]
	at org.apache.catalina.core.ApplicationFilterChain.internalDoFilter(ApplicationFilterChain.java:164) ~[tomcat-embed-core-10.1.25.jar:10.1.25]
	at org.apache.catalina.core.ApplicationFilterChain.doFilter(ApplicationFilterChain.java:140) ~[tomcat-embed-core-10.1.25.jar:10.1.25]
	at org.springframework.web.filter.CharacterEncodingFilter.doFilterInternal(CharacterEncodingFilter.java:201) ~[spring-web-6.1.10.jar:6.1.10]
	at org.springframework.web.filter.OncePerRequestFilter.doFilter(OncePerRequestFilter.java:116) ~[spring-web-6.1.10.jar:6.1.10]
	at org.apache.catalina.core.ApplicationFilterChain.internalDoFilter(ApplicationFilterChain.java:164) ~[tomcat-embed-core-10.1.25.jar:10.1.25]
	at org.apache.catalina.core.ApplicationFilterChain.doFilter(ApplicationFilterChain.java:140) ~[tomcat-embed-core-10.1.25.jar:10.1.25]
	at org.apache.catalina.core.StandardWrapperValve.invoke(StandardWrapperValve.java:167) ~[tomcat-embed-core-10.1.25.jar:10.1.25]
	at org.apache.catalina.core.StandardContextValve.invoke(StandardContextValve.java:90) ~[tomcat-embed-core-10.1.25.jar:10.1.25]
	at org.apache.catalina.authenticator.AuthenticatorBase.invoke(AuthenticatorBase.java:482) ~[tomcat-embed-core-10.1.25.jar:10.1.25]
	at org.apache.catalina.core.StandardHostValve.invoke(StandardHostValve.java:115) ~[tomcat-embed-core-10.1.25.jar:10.1.25]
	at org.apache.catalina.valves.ErrorReportValve.invoke(ErrorReportValve.java:93) ~[tomcat-embed-core-10.1.25.jar:10.1.25]
	at org.apache.catalina.core.StandardEngineValve.invoke(StandardEngineValve.java:74) ~[tomcat-embed-core-10.1.25.jar:10.1.25]
	at org.apache.catalina.connector.CoyoteAdapter.service(CoyoteAdapter.java:344) ~[tomcat-embed-core-10.1.25.jar:10.1.25]
	at org.apache.coyote.http11.Http11Processor.service(Http11Processor.java:389) ~[tomcat-embed-core-10.1.25.jar:10.1.25]
	at org.apache.coyote.AbstractProcessorLight.process(AbstractProcessorLight.java:63) ~[tomcat-embed-core-10.1.25.jar:10.1.25]
	at org.apache.coyote.AbstractProtocol$ConnectionHandler.process(AbstractProtocol.java:904) ~[tomcat-embed-core-10.1.25.jar:10.1.25]
	at org.apache.tomcat.util.net.NioEndpoint$SocketProcessor.doRun(NioEndpoint.java:1741) ~[tomcat-embed-core-10.1.25.jar:10.1.25]
	at org.apache.tomcat.util.net.SocketProcessorBase.run(SocketProcessorBase.java:52) ~[tomcat-embed-core-10.1.25.jar:10.1.25]
	at org.apache.tomcat.util.threads.ThreadPoolExecutor.runWorker(ThreadPoolExecutor.java:1190) ~[tomcat-embed-core-10.1.25.jar:10.1.25]
	at org.apache.tomcat.util.threads.ThreadPoolExecutor$Worker.run(ThreadPoolExecutor.java:659) ~[tomcat-embed-core-10.1.25.jar:10.1.25]
	at org.apache.tomcat.util.threads.TaskThread$WrappingRunnable.run(TaskThread.java:63) ~[tomcat-embed-core-10.1.25.jar:10.1.25]
	at java.base/java.lang.Thread.run(Thread.java:1583) ~[na:na]

2025-01-03T22:28:23.901+05:30  INFO 37356 --- [http-nio-8080-exec-1] c.e.A.Controller.loginController         : Inside current user controller :eyJhbGciOiJIUzI1NiJ9.eyJpYXQiOjE3MzU5MjM1MDEsImV4cCI6MTczNTkyNzEwMSwic3ViIjoiY2hhdHRyZWVzaHViaGFtQGdtYWlsLmNvbSJ9.Wr_VVfhdVJ5CO_ROGYibkDLkbAbyO3ERDXVQWXNYjsY
2025-01-03T22:29:11.755+05:30  INFO 37356 --- [http-nio-8080-exec-8] c.e.A.Controller.loginController         : Inside current user controller :eyJhbGciOiJIUzI1NiJ9.eyJpYXQiOjE3MzU5MjM1MDEsImV4cCI6MTczNTkyNzEwMSwic3ViIjoiY2hhdHRyZWVzaHViaGFtQGdtYWlsLmNvbSJ9.Wr_VVfhdVJ5CO_ROGYibkDLkbAbyO3ERDXVQWXNYjsY
2025-01-03T22:30:23.263+05:30  INFO 37356 --- [http-nio-8080-exec-3] c.e.A.Controller.loginController         : Inside current user controller :eyJhbGciOiJIUzI1NiJ9.eyJpYXQiOjE3MzU5MjM2MjIsImV4cCI6MTczNTkyNzIyMiwic3ViIjoiY2hhdHRyZWVzaHViaGFtQGdtYWlsLmNvbSJ9.gwbPiSnPaZ6hrPwQKp0pJn3Oru711h9qw9d7Gwnhnqg
2025-01-03T22:30:39.592+05:30  INFO 37356 --- [http-nio-8080-exec-2] c.e.A.Controller.loginController         : Inside signout controller
2025-01-03T22:30:39.735+05:30  INFO 37356 --- [http-nio-8080-exec-2] c.e.A.Controller.loginController         : user logout successful
2025-01-03T22:31:33.180+05:30  INFO 37356 --- [SpringApplicationShutdownHook] j.LocalContainerEntityManagerFactoryBean : Closing JPA EntityManagerFactory for persistence unit 'default'
2025-01-03T22:31:33.184+05:30  INFO 37356 --- [SpringApplicationShutdownHook] com.zaxxer.hikari.HikariDataSource       : HikariPool-1 - Shutdown initiated...
2025-01-03T22:31:33.328+05:30  INFO 37356 --- [SpringApplicationShutdownHook] com.zaxxer.hikari.HikariDataSource       : HikariPool-1 - Shutdown completed.
